plant_id,plant_name,month,gas_consumed_mcf,gas_consumed_mmbtu,net_generation_mwh
7512,Arthur Von Rosenberg,2026-01,2412371.000,2482330.000,373331.000
60264,Bacliff,2026-01,33169.000,33832.000,2532.000
4939,Barney M Davis,2026-01,1007331.000,1022441.000,126584.000
55168,Bastrop Energy Center,2026-01,1816510.000,1852840.000,249445.000
10298,Bayou Cogen Plant,2026-01,716133.000,735469.000,187118.940
55327,Baytown Energy Center,2026-01,1831119.000,1884222.000,281568.000
64383,Braes Bayou Plant,2026-01,134903.000,138950.000,13976.000
65373,Brotman Power Station,2026-01,155747.000,160419.000,15913.000
3460,Cedar Bayou,2026-01,1578462.000,1617924.000,147286.000
58151,Central Utility Plant - Texas A&M,2026-01,30842.000,31027.000,5820.000
55299,Channel Energy Center LLC,2026-01,2231586.000,2253902.000,438719.000
55187,Channelview Cogeneration Plant,2026-01,3266919.000,3309389.000,539153.000
56350,Colorado Bend Energy Center,2026-01,1082040.000,1092860.000,112218.000
60122,Colorado Bend II,2026-01,3890521.000,4026689.000,593962.000
55206,Corpus Christi Energy Center,2026-01,585326.000,585911.000,105007.000
55464,Deer Park Energy Center,2026-01,4228455.000,4304567.000,662154.000
61643,Denton Energy Center,2026-01,186160.000,186160.000,20199.000
10692,ExxonMobil Baytown Turbine,2026-01,1094941.000,1109175.000,226191.000
10554,Formosa Utility Venture Ltd,2026-01,2006351.000,2052498.000,414289.313
55480,Forney Energy Center,2026-01,6459222.000,6665917.000,908793.000
52120,Freeport Energy,2026-01,739691.000,761882.000,127791.680
56152,Freeport Energy Center,2026-01,612442.000,630815.000,125534.490
55226,Freestone Energy Center,2026-01,3292577.000,3322210.000,464896.000
55098,Frontera Energy Center,2026-01,835996.000,851044.000,116361.000
55470,Green Power 2,2026-01,1794374.000,1830262.000,369314.433
55086,Gregory Power Plant,2026-01,609750.000,615238.000,71102.000
55153,Guadalupe Generating Station,2026-01,3310100.000,3379612.000,476235.000
63335,HO Clarke Generating,2026-01,212573.000,217037.000,21659.000
3491,Handley,2026-01,414789.000,429307.000,31824.000
55144,Hays Energy Project,2026-01,3385056.000,3415522.000,442702.000
55545,Hidalgo Energy Center,2026-01,1560537.000,1591748.000,223395.000
50043,Houston Chemical Complex Battleground,2026-01,898829.000,925794.000,164238.427
55313,Ingleside Cogeneration,2026-01,1335112.000,1375165.000,265984.358
7097,J K Spruce,2026-01,45607.000,46519.000,4882.881
55230,Jack County,2026-01,2296022.000,2296022.000,306944.000
55501,Kiamichi Energy Facility,2026-01,2984368.000,3094789.000,404732.000
55097,Lamar Power Project,2026-01,4300880.000,4438509.000,628340.000
298,Limestone,2026-01,48548.000,48742.000,4399.446
55154,Lost Pines 1 Power Project,2026-01,957822.000,979852.000,132191.000
55123,Magic Valley Generating Station,2026-01,788553.000,812209.000,97297.000
7030,Major Oak Power,2026-01,1304.000,1304.000,106.625
65372,Mark One Power Station,2026-01,227450.000,233819.000,22636.000
55091,Midlothian Energy Facility,2026-01,4270938.000,4262396.000,571144.000
3441,Nueces Bay,2026-01,722073.000,740125.000,97758.000
6180,Oak Grove (TX),2026-01,98693.000,99877.000,8988.757
55215,Odessa-Ector Power Plant,2026-01,5137547.000,5137547.000,750504.000
50815,"Odyssey Energy Altura Cogen, LLC",2026-01,1543002.000,1564604.000,297521.000
54676,Oyster Creek Unit VIII,2026-01,1327237.000,1380326.000,220361.253
55047,Pasadena Cogeneration,2026-01,2821538.000,2900541.000,407877.000
58005,Rayburn Energy Station LLC,2026-01,1651406.000,1704251.000,233103.000
59391,Red Gate Power Plant,2026-01,159781.000,162337.000,18870.000
66604,Remy Jade Power Station,2026-01,240491.000,245301.000,24288.000
55137,Rio Nogales Power Project,2026-01,3889893.000,3936571.000,559193.000
7900,Sand Hill,2026-01,1644137.000,1683596.000,202547.000
56611,Sandy Creek Energy Station,2026-01,0.000,0.000,0.000
10167,Seadrift Coke LP,2026-01,563.000,566.000,49.785
50304,Shell Deer Park,2026-01,556323.000,566893.000,49844.029
55015,Sweeny Cogen Facility,2026-01,1017348.000,1037695.000,207756.840
3469,T H Wharton,2026-01,577688.000,592708.000,56614.000
58001,Temple Power Station,2026-01,5493301.000,5515274.000,783815.000
55062,Tenaska Frontier Generation Station,2026-01,2130703.000,2173317.000,298474.000
55132,Tenaska Gateway Generating Station,2026-01,2583740.000,2627664.000,351397.000
50153,Texas City Plant Union Carbide,2026-01,0.000,0.000,0.000
52088,Texas City Power Plant,2026-01,865337.000,882644.000,150258.000
55172,Thad Hill Energy Center,2026-01,1830091.000,1842901.000,239609.000
4937,Thomas C Ferguson,2026-01,1926621.000,1970933.000,294594.000
63688,Topaz Generating,2026-01,203398.000,208483.000,20315.000
3612,V H Braunig,2026-01,502965.000,517220.000,47536.033
50121,Valero Refinery Corpus Christi West,2026-01,21528.000,21528.000,1492.717
54520,Village Creek Water Reclamation Facility,2026-01,36722.000,33748.000,3467.000
3470,W A Parish,2026-01,1662839.000,1692797.000,150974.370
55320,Wise County Power LLC,2026-01,1891838.000,1888054.000,266522.000
55139,Wolf Hollow I LP,2026-01,2086320.000,2092579.000,276875.000
59812,Wolf Hollow II,2026-01,3006036.000,3111247.000,439156.000
7512,Arthur Von Rosenberg,2026-02,2102575.000,2146729.000,307469.000
60264,Bacliff,2026-02,10530.000,10741.000,798.000
4939,Barney M Davis,2026-02,124043.000,124911.000,13518.000
55168,Bastrop Energy Center,2026-02,117092.000,119902.000,13681.000
10298,Bayou Cogen Plant,2026-02,670086.000,683488.000,173857.310
55327,Baytown Energy Center,2026-02,2002855.000,2060938.000,309035.000
64383,Braes Bayou Plant,2026-02,5651.000,5821.000,519.000
65373,Brotman Power Station,2026-02,9247.000,9524.000,894.000
3460,Cedar Bayou,2026-02,221589.000,227129.000,20011.000
58151,Central Utility Plant - Texas A&M,2026-02,19252.000,19406.000,3640.000
55299,Channel Energy Center LLC,2026-02,1580632.000,1596439.000,309555.000
55187,Channelview Cogeneration Plant,2026-02,2991587.000,3027486.000,493059.000
56350,Colorado Bend Energy Center,2026-02,399530.000,401927.000,45470.000
60122,Colorado Bend II,2026-02,3088263.000,3196352.000,480536.000
55206,Corpus Christi Energy Center,2026-02,729890.000,732080.000,129744.000
55464,Deer Park Energy Center,2026-02,3633977.000,3688486.000,567484.000
61643,Denton Energy Center,2026-02,108414.000,108414.000,12459.000
10692,ExxonMobil Baytown Turbine,2026-02,1055708.000,1068376.000,217871.000
10554,Formosa Utility Venture Ltd,2026-02,1843880.000,1875226.000,378507.730
55480,Forney Energy Center,2026-02,3762867.000,3883278.000,530034.000
52120,Freeport Energy,2026-02,720254.000,741862.000,124433.540
56152,Freeport Energy Center,2026-02,575521.000,592787.000,117966.550
55226,Freestone Energy Center,2026-02,1657317.000,1672233.000,233287.000
55098,Frontera Energy Center,2026-02,313247.000,318885.000,44869.000
55470,Green Power 2,2026-02,1418163.000,1440854.000,289845.862
55086,Gregory Power Plant,2026-02,390640.000,392203.000,46035.000
55153,Guadalupe Generating Station,2026-02,1792000.000,1808128.000,254035.000
63335,HO Clarke Generating,2026-02,118759.000,120065.000,11789.000
3491,Handley,2026-02,31412.000,32511.000,2027.000
55144,Hays Energy Project,2026-02,2267143.000,2267143.000,291659.000
55545,Hidalgo Energy Center,2026-02,937887.000,956645.000,133581.000
50043,Houston Chemical Complex Battleground,2026-02,536455.000,552548.000,97781.509
55313,Ingleside Cogeneration,2026-02,1004037.000,1034158.000,199541.158
7097,J K Spruce,2026-02,65488.000,66470.000,7076.467
55230,Jack County,2026-02,1535914.000,1535914.000,201563.000
55501,Kiamichi Energy Facility,2026-02,1240785.000,1286694.000,177227.000
55097,Lamar Power Project,2026-02,2383158.000,2459419.000,352548.000
298,Limestone,2026-02,57115.000,57343.000,4963.862
55154,Lost Pines 1 Power Project,2026-02,1364449.000,1383551.000,187351.000
55123,Magic Valley Generating Station,2026-02,91621.000,94370.000,10560.000
7030,Major Oak Power,2026-02,283.000,283.000,23.132
65372,Mark One Power Station,2026-02,82505.000,84403.000,8144.000
55091,Midlothian Energy Facility,2026-02,1679546.000,1671148.000,245842.000
3441,Nueces Bay,2026-02,0.000,0.000,-1336.000
6180,Oak Grove (TX),2026-02,65059.000,65840.000,5790.483
55215,Odessa-Ector Power Plant,2026-02,4781557.000,4781557.000,697019.000
50815,"Odyssey Energy Altura Cogen, LLC",2026-02,1061664.000,1073342.000,203524.000
54676,Oyster Creek Unit VIII,2026-02,888093.000,923617.000,146339.177
55047,Pasadena Cogeneration,2026-02,2537562.000,2608614.000,366414.000
3628,R W Miller,2026-02,48363.000,47879.000,3685.000
58005,Rayburn Energy Station LLC,2026-02,376611.000,380000.000,51945.000
59391,Red Gate Power Plant,2026-02,156604.000,157857.000,18210.000
66604,Remy Jade Power Station,2026-02,102500.000,103320.000,10250.000
55137,Rio Nogales Power Project,2026-02,3441514.000,3458721.000,486937.000
7900,Sand Hill,2026-02,1071536.000,1092967.000,138752.000
56611,Sandy Creek Energy Station,2026-02,0.000,0.000,0.000
10167,Seadrift Coke LP,2026-02,785.000,789.000,69.352
50304,Shell Deer Park,2026-02,471321.000,480276.000,42228.266
55015,Sweeny Cogen Facility,2026-02,960694.000,979908.000,190460.880
3469,T H Wharton,2026-02,94291.000,96742.000,8710.000
58001,Temple Power Station,2026-02,4880886.000,4900409.000,693262.000
55062,Tenaska Frontier Generation Station,2026-02,1713090.000,1737074.000,239791.000
55132,Tenaska Gateway Generating Station,2026-02,1629046.000,1656740.000,222900.000
50153,Texas City Plant Union Carbide,2026-02,0.000,0.000,0.000
52088,Texas City Power Plant,2026-02,500511.000,510521.000,85846.000
55172,Thad Hill Energy Center,2026-02,996571.000,997568.000,130292.000
4937,Thomas C Ferguson,2026-02,1342041.000,1360830.000,201541.000
63688,Topaz Generating,2026-02,105939.000,108164.000,10526.000
3612,V H Braunig,2026-02,85042.000,86396.000,7531.000
50121,Valero Refinery Corpus Christi West,2026-02,22854.000,22854.000,1584.619
54520,Village Creek Water Reclamation Facility,2026-02,39095.000,35928.000,3159.000
3470,W A Parish,2026-02,318701.000,322525.000,28733.056
55320,Wise County Power LLC,2026-02,1242268.000,1239783.000,169668.000
55139,Wolf Hollow I LP,2026-02,748210.000,748210.000,99495.000
59812,Wolf Hollow II,2026-02,2164686.000,2240450.000,329330.000
7512,Arthur Von Rosenberg,2026-03,384531.000,392606.000,58003.000
60264,Bacliff,2026-03,75590.000,77102.000,5623.000
4939,Barney M Davis,2026-03,484017.000,484985.000,59631.000
55168,Bastrop Energy Center,2026-03,1250561.000,1276823.000,168914.000
10298,Bayou Cogen Plant,2026-03,628648.000,635563.000,161549.660
55327,Baytown Energy Center,2026-03,2526592.000,2569545.000,386739.000
64383,Braes Bayou Plant,2026-03,14963.000,15412.000,1387.000
65373,Brotman Power Station,2026-03,9200.000,9476.000,923.000
3460,Cedar Bayou,2026-03,889705.000,911948.000,82790.000
58151,Central Utility Plant - Texas A&M,2026-03,10694.000,10673.000,2002.000
55299,Channel Energy Center LLC,2026-03,2404267.000,2428310.000,473460.000
55187,Channelview Cogeneration Plant,2026-03,2606481.000,2635153.000,427867.000
56350,Colorado Bend Energy Center,2026-03,1112150.000,1123271.000,127691.000
60122,Colorado Bend II,2026-03,1818009.000,1881639.000,273003.000
55206,Corpus Christi Energy Center,2026-03,375508.000,375884.000,68153.000
55464,Deer Park Energy Center,2026-03,2998403.000,3037382.000,460322.000
61643,Denton Energy Center,2026-03,141342.000,141342.000,15704.000
10692,ExxonMobil Baytown Turbine,2026-03,1235667.000,1250495.000,255010.000
10554,Formosa Utility Venture Ltd,2026-03,2117761.000,2149528.000,433874.639
55480,Forney Energy Center,2026-03,4999095.000,5159066.000,693559.000
52120,Freeport Energy,2026-03,799330.000,823310.000,138095.020
56152,Freeport Energy Center,2026-03,527639.000,543468.000,108152.090
55226,Freestone Energy Center,2026-03,2032163.000,2044356.000,282244.000
55098,Frontera Energy Center,2026-03,388046.000,395031.000,51432.000
55470,Green Power 2,2026-03,1770775.000,1790254.000,361098.314
55086,Gregory Power Plant,2026-03,191750.000,191942.000,22766.000
55153,Guadalupe Generating Station,2026-03,2179700.000,2177520.000,305801.000
63335,HO Clarke Generating,2026-03,128897.000,130186.000,12688.000
3491,Handley,2026-03,334897.000,346618.000,24969.000
55144,Hays Energy Project,2026-03,3164989.000,3180814.000,409589.000
55545,Hidalgo Energy Center,2026-03,554468.000,565557.000,78123.000
50043,Houston Chemical Complex Battleground,2026-03,542559.000,558836.000,99119.000
55313,Ingleside Cogeneration,2026-03,1325670.000,1365440.000,263907.395
7097,J K Spruce,2026-03,76478.000,77472.000,8342.895
55230,Jack County,2026-03,296378.000,296378.000,39855.000
55501,Kiamichi Energy Facility,2026-03,1068695.000,1108237.000,139387.000
55097,Lamar Power Project,2026-03,2216929.000,2287871.000,311601.000
298,Limestone,2026-03,51677.000,51884.000,4445.328
55154,Lost Pines 1 Power Project,2026-03,1045729.000,1060369.000,146408.000
55123,Magic Valley Generating Station,2026-03,435424.000,448487.000,54690.000
7030,Major Oak Power,2026-03,4732.000,4732.000,396.353
65372,Mark One Power Station,2026-03,337811.000,343216.000,32707.000
55091,Midlothian Energy Facility,2026-03,1883886.000,1874467.000,253474.000
3441,Nueces Bay,2026-03,50347.000,50549.000,2854.000
6180,Oak Grove (TX),2026-03,45820.000,46370.000,4268.468
55215,Odessa-Ector Power Plant,2026-03,5302892.000,5302892.000,770266.000
50815,"Odyssey Energy Altura Cogen, LLC",2026-03,1439508.000,1455342.000,276338.000
54676,Oyster Creek Unit VIII,2026-03,1129547.000,1174729.000,186460.239
55047,Pasadena Cogeneration,2026-03,2558288.000,2629920.000,369673.000
3628,R W Miller,2026-03,96447.000,95579.000,7673.000
58005,Rayburn Energy Station LLC,2026-03,322909.000,325815.000,43092.000
59391,Red Gate Power Plant,2026-03,159311.000,160426.000,17929.000
66604,Remy Jade Power Station,2026-03,231263.000,232651.000,22549.000
55137,Rio Nogales Power Project,2026-03,3987151.000,4007087.000,571036.000
7900,Sand Hill,2026-03,374673.000,382541.000,36282.000
56611,Sandy Creek Energy Station,2026-03,0.000,0.000,0.000
10167,Seadrift Coke LP,2026-03,402.000,400.000,35.139
50304,Shell Deer Park,2026-03,844095.000,860133.000,75627.208
55015,Sweeny Cogen Facility,2026-03,847638.000,864591.000,169075.350
3469,T H Wharton,2026-03,312822.000,320956.000,31307.000
58001,Temple Power Station,2026-03,3582780.000,3575615.000,504174.000
55062,Tenaska Frontier Generation Station,2026-03,125568.000,127451.000,10101.000
55132,Tenaska Gateway Generating Station,2026-03,286212.000,291077.000,29503.000
50153,Texas City Plant Union Carbide,2026-03,0.000,0.000,0.000
52088,Texas City Power Plant,2026-03,0.000,0.000,0.000
55172,Thad Hill Energy Center,2026-03,2091286.000,2087104.000,273821.000
4937,Thomas C Ferguson,2026-03,1921797.000,1948702.000,299019.000
63688,Topaz Generating,2026-03,328934.000,336171.000,32871.000
3612,V H Braunig,2026-03,203832.000,205870.000,19683.000
50121,Valero Refinery Corpus Christi West,2026-03,18582.000,18582.000,1288.500
54520,Village Creek Water Reclamation Facility,2026-03,34863.000,32039.000,2795.000
3470,W A Parish,2026-03,1943318.000,1954978.000,173278.700
55320,Wise County Power LLC,2026-03,1141870.000,1140728.000,159690.000
55139,Wolf Hollow I LP,2026-03,250960.000,251713.000,31428.000
59812,Wolf Hollow II,2026-03,2915710.000,3017760.000,436054.000
7512,Arthur Von Rosenberg,2026-04,541669.000,548169.000,77833.000
60264,Bacliff,2026-04,198303.000,202269.000,14744.000
4939,Barney M Davis,2026-04,28448.000,28448.000,1701.000
55168,Bastrop Energy Center,2026-04,384598.000,389983.000,52238.000
10298,Bayou Cogen Plant,2026-04,574689.000,581011.000,147784.890
55327,Baytown Energy Center,2026-04,2492885.000,2535264.000,379905.000
64383,Braes Bayou Plant,2026-04,219929.000,226527.000,21005.000
65373,Brotman Power Station,2026-04,222590.000,229268.000,22578.000
3460,Cedar Bayou,2026-04,1930499.000,1978761.000,181975.000
58151,Central Utility Plant - Texas A&M,2026-04,8253.000,8253.000,1548.000
55299,Channel Energy Center LLC,2026-04,1591622.000,1607538.000,311715.000
55187,Channelview Cogeneration Plant,2026-04,2098981.000,2119971.000,344245.000
56350,Colorado Bend Energy Center,2026-04,1792080.000,1804624.000,204736.000
60122,Colorado Bend II,2026-04,4320398.000,4471612.000,672346.000
55206,Corpus Christi Energy Center,2026-04,661251.000,659929.000,119549.000
55464,Deer Park Energy Center,2026-04,2576145.000,2607059.000,398564.000
61643,Denton Energy Center,2026-04,327240.000,327240.000,38986.000
10692,ExxonMobil Baytown Turbine,2026-04,953755.000,964246.000,196636.000
10554,Formosa Utility Venture Ltd,2026-04,1915906.000,1944644.000,392519.561
55480,Forney Energy Center,2026-04,4403442.000,4544352.000,607830.000
52120,Freeport Energy,2026-04,618669.000,637229.000,106883.330
56152,Freeport Energy Center,2026-04,565176.000,582131.000,115846.130
55226,Freestone Energy Center,2026-04,2363474.000,2384745.000,331931.000
55098,Frontera Energy Center,2026-04,0.000,0.000,0.000
55470,Green Power 2,2026-04,1804036.000,1825684.000,369004.973
55086,Gregory Power Plant,2026-04,655845.000,655189.000,74686.000
55153,Guadalupe Generating Station,2026-04,3357800.000,3310791.000,476892.000
63335,HO Clarke Generating,2026-04,405390.000,407822.000,39288.000
3491,Handley,2026-04,1635993.000,1693253.000,132636.000
55144,Hays Energy Project,2026-04,3068873.000,3087286.000,401973.000
55545,Hidalgo Energy Center,2026-04,1913289.000,1951555.000,275243.000
50043,Houston Chemical Complex Battleground,2026-04,503401.000,518503.000,91666.000
55313,Ingleside Cogeneration,2026-04,1381722.000,1423174.000,275360.702
7097,J K Spruce,2026-04,65022.000,65867.000,7077.084
55230,Jack County,2026-04,404000.000,416120.000,53646.000
55501,Kiamichi Energy Facility,2026-04,3378513.000,3503518.000,459818.000
55097,Lamar Power Project,2026-04,4565461.000,4711555.000,664880.000
298,Limestone,2026-04,36708.000,37809.000,3357.949
55154,Lost Pines 1 Power Project,2026-04,0.000,0.000,0.000
55123,Magic Valley Generating Station,2026-04,285850.000,294426.000,38050.000
7030,Major Oak Power,2026-04,19666.000,19666.000,1612.746
65372,Mark One Power Station,2026-04,598562.000,607540.000,58264.000
55091,Midlothian Energy Facility,2026-04,4195834.000,4179051.000,563307.000
3441,Nueces Bay,2026-04,654609.000,655264.000,82705.000
6180,Oak Grove (TX),2026-04,64744.000,65521.000,5869.744
55215,Odessa-Ector Power Plant,2026-04,3290058.000,3290058.000,475849.000
50815,"Odyssey Energy Altura Cogen, LLC",2026-04,1640588.000,1658635.000,315573.000
54676,Oyster Creek Unit VIII,2026-04,1401035.000,1457077.000,232350.104
55047,Pasadena Cogeneration,2026-04,2524428.000,2595112.000,365147.000
67500,"Pin Oak Creek Energy Center, LLC",2026-04,337607.000,340308.000,32636.000
3628,R W Miller,2026-04,0.000,0.000,0.000
58005,Rayburn Energy Station LLC,2026-04,1822695.000,1859148.000,257507.000
59391,Red Gate Power Plant,2026-04,497611.000,500597.000,59439.000
66604,Remy Jade Power Station,2026-04,408871.000,412142.000,39872.000
55137,Rio Nogales Power Project,2026-04,1975454.000,1985332.000,281413.000
7900,Sand Hill,2026-04,522720.000,530560.000,50343.000
56611,Sandy Creek Energy Station,2026-04,0.000,0.000,0.000
10167,Seadrift Coke LP,2026-04,1151.000,1144.000,100.612
50304,Shell Deer Park,2026-04,1009415.000,1028594.000,90439.068
55015,Sweeny Cogen Facility,2026-04,902275.000,920321.000,152108.910
3469,T H Wharton,2026-04,421833.000,432801.000,43718.000
58001,Temple Power Station,2026-04,5216802.000,5201152.000,727095.000
55062,Tenaska Frontier Generation Station,2026-04,2851034.000,2885246.000,388096.000
55132,Tenaska Gateway Generating Station,2026-04,2401054.000,2441872.000,328346.000
50153,Texas City Plant Union Carbide,2026-04,0.000,0.000,0.000
52088,Texas City Power Plant,2026-04,496.000,506.000,86.000
55172,Thad Hill Energy Center,2026-04,1406490.000,1406490.000,172252.000
4937,Thomas C Ferguson,2026-04,1295103.000,1310644.000,210491.000
63688,Topaz Generating,2026-04,545035.000,558661.000,54409.000
3612,V H Braunig,2026-04,192166.000,194088.000,18893.000
50121,Valero Refinery Corpus Christi West,2026-04,16138.000,16138.000,1119.197
54520,Village Creek Water Reclamation Facility,2026-04,34628.000,31823.000,2642.000
3470,W A Parish,2026-04,1509962.000,1520532.000,137377.330
55320,Wise County Power LLC,2026-04,1047430.000,1029624.000,143767.000
55139,Wolf Hollow I LP,2026-04,2048640.000,2054786.000,276488.000
59812,Wolf Hollow II,2026-04,1409278.000,1458602.000,201671.000
7512,Arthur Von Rosenberg,2026-05,2541035.000,2571527.000,378397.000
60264,Bacliff,2026-05,73884.000,75362.000,5398.000
4939,Barney M Davis,2026-05,1338081.000,1338081.000,179835.000
55168,Bastrop Energy Center,2026-05,2171078.000,2186275.000,300955.000
10298,Bayou Cogen Plant,2026-05,599876.000,606475.000,154056.750
55327,Baytown Energy Center,2026-05,2818234.000,2866144.000,401421.000
64383,Braes Bayou Plant,2026-05,181836.000,187291.000,17378.000
65373,Brotman Power Station,2026-05,148916.000,153383.000,14790.000
3460,Cedar Bayou,2026-05,3187385.000,3267070.000,300409.000
58151,Central Utility Plant - Texas A&M,2026-05,2855.000,2852.000,535.000
55299,Channel Energy Center LLC,2026-05,288.000,291.000,54.000
55187,Channelview Cogeneration Plant,2026-05,2530468.000,2553242.000,414306.000
56350,Colorado Bend Energy Center,2026-05,1385530.000,1393843.000,151804.000
60122,Colorado Bend II,2026-05,4119472.000,4263654.000,636728.000
55206,Corpus Christi Energy Center,2026-05,1279923.000,1279923.000,232692.000
55464,Deer Park Energy Center,2026-05,4751364.000,4808380.000,737247.000
61643,Denton Energy Center,2026-05,175342.000,175342.000,20407.000
10692,ExxonMobil Baytown Turbine,2026-05,664618.000,672593.000,137160.000
10554,Formosa Utility Venture Ltd,2026-05,1946808.000,1976010.000,398850.523
55480,Forney Energy Center,2026-05,7477465.000,7716744.000,1060705.000
52120,Freeport Energy,2026-05,1213391.000,1249793.000,209629.610
56152,Freeport Energy Center,2026-05,5660.000,5830.000,1160.120
55226,Freestone Energy Center,2026-05,3800972.000,3827579.000,539431.000
55098,Frontera Energy Center,2026-05,1141426.000,1161972.000,158069.000
55470,Green Power 2,2026-05,1860923.000,1881393.000,380118.301
55086,Gregory Power Plant,2026-05,121660.000,121660.000,11059.000
55153,Guadalupe Generating Station,2026-05,3482400.000,3433646.000,498549.000
63335,HO Clarke Generating,2026-05,238826.000,240498.000,23485.000
3491,Handley,2026-05,466586.000,482917.000,34808.000
55144,Hays Energy Project,2026-05,2740460.000,2751422.000,353843.000
55545,Hidalgo Energy Center,2026-05,2041827.000,2082664.000,293777.000
50043,Houston Chemical Complex Battleground,2026-05,514583.000,530021.000,93781.000
55313,Ingleside Cogeneration,2026-05,1081450.000,1113894.000,213829.241
7097,J K Spruce,2026-05,31881.000,32232.000,3349.975
55230,Jack County,2026-05,815815.000,823974.000,107919.000
55501,Kiamichi Energy Facility,2026-05,4117659.000,4270012.000,532106.000
55097,Lamar Power Project,2026-05,4766341.000,4918864.000,703412.000
298,Limestone,2026-05,71762.000,73915.000,6601.560
55123,Magic Valley Generating Station,2026-05,1447670.000,1491100.000,192208.000
7030,Major Oak Power,2026-05,52.000,52.000,4.461
65372,Mark One Power Station,2026-05,294069.000,299656.000,28697.000
55091,Midlothian Energy Facility,2026-05,5143771.000,5138627.000,704910.000
66601,NRG THW GT Electric Generating Station,2026-05,138909.000,142521.000,12046.000
3441,Nueces Bay,2026-05,1842381.000,1849750.000,242068.000
6180,Oak Grove (TX),2026-05,35039.000,35459.000,3151.362
55215,Odessa-Ector Power Plant,2026-05,4746036.000,4746036.000,688629.000
50815,"Odyssey Energy Altura Cogen, LLC",2026-05,1531388.000,1552827.000,295090.000
54676,Oyster Creek Unit VIII,2026-05,1391961.000,1447639.000,230297.979
55047,Pasadena Cogeneration,2026-05,2835052.000,2914433.000,409646.000
67500,"Pin Oak Creek Energy Center, LLC",2026-05,324675.000,326948.000,31003.000
3628,R W Miller,2026-05,137311.000,136796.000,10912.000
58005,Rayburn Energy Station LLC,2026-05,2854984.000,2914938.000,406019.000
59391,Red Gate Power Plant,2026-05,242389.000,243843.000,27704.000
66604,Remy Jade Power Station,2026-05,202973.000,204394.000,19949.000
55137,Rio Nogales Power Project,2026-05,2528773.000,2541417.000,361708.000
7900,Sand Hill,2026-05,821340.000,828732.000,96247.000
56611,Sandy Creek Energy Station,2026-05,0.000,0.000,0.000
10167,Seadrift Coke LP,2026-05,1404.000,1394.000,122.542
50304,Shell Deer Park,2026-05,811643.000,827064.000,72719.576
55015,Sweeny Cogen Facility,2026-05,749065.000,764046.000,125887.130
3469,T H Wharton,2026-05,573701.000,588617.000,57326.000
58001,Temple Power Station,2026-05,5216175.000,5242256.000,732288.000
55062,Tenaska Frontier Generation Station,2026-05,3993586.000,4041509.000,539081.000
55132,Tenaska Gateway Generating Station,2026-05,2277920.000,2316645.000,316588.000
50153,Texas City Plant Union Carbide,2026-05,0.000,0.000,0.000
52088,Texas City Power Plant,2026-05,5385.000,5493.000,929.000
55172,Thad Hill Energy Center,2026-05,2696118.000,2693422.000,374502.000
63688,Topaz Generating,2026-05,323173.000,325112.000,31005.000
3612,V H Braunig,2026-05,266991.000,268763.000,22286.000
50121,Valero Refinery Corpus Christi West,2026-05,25649.000,25649.000,1779.137
54520,Village Creek Water Reclamation Facility,2026-05,24418.000,22440.000,1901.000
3470,W A Parish,2026-05,1584370.000,1595459.000,138564.150
55320,Wise County Power LLC,2026-05,2261853.000,2225664.000,303558.000
55139,Wolf Hollow I LP,2026-05,2361390.000,2366113.000,332147.000
59812,Wolf Hollow II,2026-05,3770573.000,3902543.000,569223.000
7512,Arthur Von Rosenberg,2026-06,2488777.000,2516154.000,371246.000
60264,Bacliff,2026-06,237235.000,241980.000,17604.000
4939,Barney M Davis,2026-06,1780657.000,1784218.000,236398.000
55168,Bastrop Energy Center,2026-06,2559314.000,2577229.000,353213.000
10298,Bayou Cogen Plant,2026-06,579713.000,587249.000,149305.270
55327,Baytown Energy Center,2026-06,2935223.000,2990992.000,446987.000
64383,Braes Bayou Plant,2026-06,194698.000,200539.000,18473.000
65373,Brotman Power Station,2026-06,185355.000,190916.000,18215.000
3460,Cedar Bayou,2026-06,3194268.000,3274125.000,305428.000
58151,Central Utility Plant - Texas A&M,2026-06,23972.000,24044.000,3410.000
55299,Channel Energy Center LLC,2026-06,1711306.000,1728419.000,336031.000
55187,Channelview Cogeneration Plant,2026-06,2394605.000,2418551.000,392269.000
56350,Colorado Bend Energy Center,2026-06,1390160.000,1404062.000,151112.000
60122,Colorado Bend II,2026-06,4082742.000,4225638.000,631803.000
55206,Corpus Christi Energy Center,2026-06,1337078.000,1339752.000,242595.000
55464,Deer Park Energy Center,2026-06,4672897.000,4742990.000,731075.000
61643,Denton Energy Center,2026-06,204494.000,204494.000,23803.000
10692,ExxonMobil Baytown Turbine,2026-06,997965.000,1008943.000,205751.000
10554,Formosa Utility Venture Ltd,2026-06,1434226.000,1458608.000,294414.833
55480,Forney Energy Center,2026-06,7654886.000,7899843.000,1082131.000
52120,Freeport Energy,2026-06,1287044.000,1325655.000,222354.070
56152,Freeport Energy Center,2026-06,55037.000,56688.000,11281.100
55226,Freestone Energy Center,2026-06,4255546.000,4272568.000,602816.000
55098,Frontera Energy Center,2026-06,1626010.000,1655278.000,236076.000
55470,Green Power 2,2026-06,1544937.000,1565021.000,315485.798
55086,Gregory Power Plant,2026-06,80765.000,81007.000,6876.000
55153,Guadalupe Generating Station,2026-06,4205800.000,4134301.000,594693.000
63335,HO Clarke Generating,2026-06,225063.000,226864.000,21674.000
3491,Handley,2026-06,837274.000,866579.000,68730.000
55144,Hays Energy Project,2026-06,4078886.000,4111517.000,536211.000
55545,Hidalgo Energy Center,2026-06,1912063.000,1950304.000,272074.000
50043,Houston Chemical Complex Battleground,2026-06,678745.000,699107.000,123385.842
55313,Ingleside Cogeneration,2026-06,1334043.000,1374064.000,265651.148
7097,J K Spruce,2026-06,64969.000,65554.000,6735.155
55230,Jack County,2026-06,1860698.000,1860698.000,251881.000
55501,Kiamichi Energy Facility,2026-06,4761799.000,4937986.000,659585.000
55097,Lamar Power Project,2026-06,4632820.000,4781070.000,678175.000
298,Limestone,2026-06,75438.000,77701.000,6994.020
55154,Lost Pines 1 Power Project,2026-06,2472056.000,2501721.000,335880.000
55123,Magic Valley Generating Station,2026-06,1135258.000,1169316.000,144788.000
7030,Major Oak Power,2026-06,168.000,168.000,13.914
65372,Mark One Power Station,2026-06,332598.000,336922.000,31569.000
55091,Midlothian Energy Facility,2026-06,5666469.000,5655136.000,773473.000
66601,NRG THW GT Electric Generating Station,2026-06,224563.000,230402.000,21311.000
3441,Nueces Bay,2026-06,2033305.000,2043472.000,263655.000
6180,Oak Grove (TX),2026-06,79516.000,80470.000,7013.109
55215,Odessa-Ector Power Plant,2026-06,4547425.000,4547425.000,658128.000
50815,"Odyssey Energy Altura Cogen, LLC",2026-06,1652907.000,1676047.000,318718.000
54676,Oyster Creek Unit VIII,2026-06,1200529.000,1248550.000,197840.287
55047,Pasadena Cogeneration,2026-06,3013272.000,3097644.000,435493.000
67500,"Pin Oak Creek Energy Center, LLC",2026-06,604557.000,607580.000,56474.000
3628,R W Miller,2026-06,461692.000,457998.000,36053.000
58005,Rayburn Energy Station LLC,2026-06,2875537.000,2933048.000,408147.000
59391,Red Gate Power Plant,2026-06,410887.000,414174.000,47604.000
66604,Remy Jade Power Station,2026-06,218940.000,220692.000,21272.000
55137,Rio Nogales Power Project,2026-06,2932018.000,2952542.000,419696.000
7900,Sand Hill,2026-06,1962347.000,1987858.000,236418.000
56611,Sandy Creek Energy Station,2026-06,0.000,0.000,0.000
10167,Seadrift Coke LP,2026-06,881.000,878.000,77.232
50304,Shell Deer Park,2026-06,1004279.000,1023360.000,89978.863
55015,Sweeny Cogen Facility,2026-06,622475.000,634925.000,132142.340
3469,T H Wharton,2026-06,365121.000,375083.000,31825.000
58001,Temple Power Station,2026-06,5475735.000,5503114.000,762653.000
55062,Tenaska Frontier Generation Station,2026-06,3765599.000,3825849.000,498098.000
55132,Tenaska Gateway Generating Station,2026-06,3256620.000,3272903.000,453808.000
50153,Texas City Plant Union Carbide,2026-06,0.000,0.000,0.000
52088,Texas City Power Plant,2026-06,266498.000,271828.000,45327.000
55172,Thad Hill Energy Center,2026-06,3108959.000,3108959.000,436895.000
4937,Thomas C Ferguson,2026-06,2273224.000,2300503.000,362124.000
63688,Topaz Generating,2026-06,514576.000,532072.000,52632.000
3612,V H Braunig,2026-06,228580.000,230635.000,21199.000
50121,Valero Refinery Corpus Christi West,2026-06,18978.000,18978.000,1315.101
54520,Village Creek Water Reclamation Facility,2026-06,30197.000,27751.000,2325.000
3470,W A Parish,2026-06,3052003.000,3079471.000,270573.700
55320,Wise County Power LLC,2026-06,2015365.000,1993196.000,278976.000
55139,Wolf Hollow I LP,2026-06,2114320.000,2124891.000,293391.000
59812,Wolf Hollow II,2026-06,4149133.000,4294353.000,638661.000
7512,Arthur Von Rosenberg,2026-07,2524199.000,2569634.000,377422.000
60264,Bacliff,2026-07,74467.000,75956.000,5558.000
4939,Barney M Davis,2026-07,2091386.000,2097660.000,275757.000
55168,Bastrop Energy Center,2026-07,2538226.000,2573761.000,349788.000
10298,Bayou Cogen Plant,2026-07,651001.000,662068.000,168380.320
55327,Baytown Energy Center,2026-07,2793339.000,2843619.000,425594.000
64383,Braes Bayou Plant,2026-07,236829.000,243934.000,22648.000
65373,Brotman Power Station,2026-07,136655.000,140755.000,13699.000
3460,Cedar Bayou,2026-07,6125930.000,6279078.000,589547.000
58151,Central Utility Plant - Texas A&M,2026-07,10417.000,10396.000,1950.000
55299,Channel Energy Center LLC,2026-07,2490716.000,2515623.000,490778.000
55187,Channelview Cogeneration Plant,2026-07,1806196.000,1829676.000,295893.000
56350,Colorado Bend Energy Center,2026-07,1833150.000,1858814.000,210281.000
60122,Colorado Bend II,2026-07,4153073.000,4298431.000,640277.000
55206,Corpus Christi Energy Center,2026-07,1585797.000,1588968.000,288563.000
55464,Deer Park Energy Center,2026-07,4806504.000,4888215.000,749893.000
61643,Denton Energy Center,2026-07,208481.000,208481.000,23943.000
10692,ExxonMobil Baytown Turbine,2026-07,1141412.000,1156250.000,235791.000
10554,Formosa Utility Venture Ltd,2026-07,2188945.000,2228346.000,449783.650
55480,Forney Energy Center,2026-07,8408484.000,8677555.000,1185925.000
52120,Freeport Energy,2026-07,1286330.000,1324920.000,222230.880
56152,Freeport Energy Center,2026-07,653542.000,673148.000,133958.940
55226,Freestone Energy Center,2026-07,4825585.000,4835236.000,687122.000
55098,Frontera Energy Center,2026-07,1741458.000,1772804.000,252717.000
55470,Green Power 2,2026-07,1665899.000,1689222.000,340678.595
55086,Gregory Power Plant,2026-07,84619.000,84957.000,8419.000
55153,Guadalupe Generating Station,2026-07,4819410.000,4838688.000,697736.000
63335,HO Clarke Generating,2026-07,269914.000,273153.000,26066.000
3491,Handley,2026-07,1561299.000,1615944.000,128800.000
55144,Hays Energy Project,2026-07,4924326.000,4953872.000,646239.000
55545,Hidalgo Energy Center,2026-07,1883442.000,1921111.000,269625.000
50043,Houston Chemical Complex Battleground,2026-07,919499.000,947084.000,167616.163
55313,Ingleside Cogeneration,2026-07,1293953.000,1332772.000,257361.396
7097,J K Spruce,2026-07,48104.000,48922.000,5089.206
55230,Jack County,2026-07,3374780.000,3476024.000,461641.000
55501,Kiamichi Energy Facility,2026-07,4892426.000,5073445.000,678654.000
55097,Lamar Power Project,2026-07,5190604.000,5356704.000,760270.000
298,Limestone,2026-07,15401.000,15863.000,1265.376
55154,Lost Pines 1 Power Project,2026-07,2591742.000,2630618.000,356631.000
55123,Magic Valley Generating Station,2026-07,687525.000,708151.000,91905.000
7030,Major Oak Power,2026-07,150.000,150.000,12.637
65372,Mark One Power Station,2026-07,399576.000,410365.000,38788.000
55091,Midlothian Energy Facility,2026-07,7252227.000,7230470.000,952200.000
66601,NRG THW GT Electric Generating Station,2026-07,178416.000,180379.000,15387.000
3441,Nueces Bay,2026-07,2218126.000,2269143.000,288615.000
6180,Oak Grove (TX),2026-07,75635.000,76543.000,6735.252
55215,Odessa-Ector Power Plant,2026-07,5104878.000,5104878.000,739756.000
50815,"Odyssey Energy Altura Cogen, LLC",2026-07,1890595.000,1917063.000,364969.000
54676,Oyster Creek Unit VIII,2026-07,1426604.000,1483668.000,236384.425
55047,Pasadena Cogeneration,2026-07,3407821.000,3503240.000,492736.000
67500,"Pin Oak Creek Energy Center, LLC",2026-07,1284387.000,1286956.000,123577.000
3628,R W Miller,2026-07,922894.000,945779.000,76613.000
58005,Rayburn Energy Station LLC,2026-07,3260444.000,3312612.000,461580.000
59391,Red Gate Power Plant,2026-07,282756.000,284735.000,32532.000
66604,Remy Jade Power Station,2026-07,170919.000,172970.000,16629.000
55137,Rio Nogales Power Project,2026-07,3948028.000,3979613.000,566578.000
7900,Sand Hill,2026-07,2065207.000,2096185.000,249423.000
56611,Sandy Creek Energy Station,2026-07,0.000,0.000,0.000
10167,Seadrift Coke LP,2026-07,488.000,488.000,42.864
50304,Shell Deer Park,2026-07,1002596.000,1021645.000,89828.066
55015,Sweeny Cogen Facility,2026-07,668378.000,681746.000,95057.091
3469,T H Wharton,2026-07,717697.000,729643.000,65554.000
58001,Temple Power Station,2026-07,5368459.000,5395302.000,743424.000
55062,Tenaska Frontier Generation Station,2026-07,3891990.000,3954262.000,538137.000
55132,Tenaska Gateway Generating Station,2026-07,3801109.000,3820114.000,539182.000
50153,Texas City Plant Union Carbide,2026-07,0.000,0.000,0.000
52088,Texas City Power Plant,2026-07,1490202.000,1520006.000,256382.000
55172,Thad Hill Energy Center,2026-07,3423804.000,3416384.000,479664.000
4937,Thomas C Ferguson,2026-07,2518564.000,2556342.000,373272.000
63688,Topaz Generating,2026-07,329242.000,338132.000,32230.000
3612,V H Braunig,2026-07,221735.000,225205.000,18840.492
50121,Valero Refinery Corpus Christi West,2026-07,17695.000,17695.000,1227.141
54520,Village Creek Water Reclamation Facility,2026-07,28390.000,26090.000,2220.000
3470,W A Parish,2026-07,3136646.000,3171151.000,281421.720
55320,Wise County Power LLC,2026-07,2992790.000,2962862.000,418388.000
55139,Wolf Hollow I LP,2026-07,3305640.000,3318862.000,467023.000
59812,Wolf Hollow II,2026-07,3784633.000,3917095.000,577297.000
