eia_plant_id_orispl,plant_name,county,plant_state,latitude,longitude,gas_unit_count,gas_nameplate_capacity_mw,gas_summer_capacity_mw,gas_winter_capacity_mw,technologies,tech_ccgt_mw,tech_ct_mw,tech_steam_mw,operator,ercot_footprint,source_file,source_url,retrieved_at
55480,Forney Energy Center,Kaufman,TX,32.756,-96.492,8,1894.200,1770.000,1966.000,Natural Gas Fired Combined Cycle,1770.000,0.000,0.000,LaFrontera Holdings LLC,True,august_generator2026.xlsx,https://www.eia.gov/electricity/data/eia860m/xls/august_generator2026.xlsx,2026-10-07T17:51:42+00:00
55091,Midlothian Energy Facility,Ellis,TX,32.430,-97.054,6,1734.000,1620.000,1710.000,Natural Gas Fired Combined Cycle,1620.000,0.000,0.000,Midlothian Energy LLC,True,august_generator2026.xlsx,https://www.eia.gov/electricity/data/eia860m/xls/august_generator2026.xlsx,2026-10-07T17:51:42+00:00
58001,Temple Power Station,Bell,TX,31.056,-97.317,6,1606.400,1580.000,1580.000,Natural Gas Fired Combined Cycle,1580.000,0.000,0.000,Temple Generation Holdings LLC,True,august_generator2026.xlsx,https://www.eia.gov/electricity/data/eia860m/xls/august_generator2026.xlsx,2026-10-07T17:51:42+00:00
3460,Cedar Bayou,Chambers,TX,29.750,-94.926,2,1530.000,1495.000,1495.000,Natural Gas Steam Turbine,0.000,0.000,1495.000,NRG Texas Power LLC,True,august_generator2026.xlsx,https://www.eia.gov/electricity/data/eia860m/xls/august_generator2026.xlsx,2026-10-07T17:51:42+00:00
3491,Handley,Tarrant,TX,32.728,-97.219,3,1314.800,1245.000,1245.000,Natural Gas Steam Turbine,0.000,0.000,1245.000,"Constellation Power, Inc",True,august_generator2026.xlsx,https://www.eia.gov/electricity/data/eia860m/xls/august_generator2026.xlsx,2026-10-07T17:51:42+00:00
55230,Jack County,Wise,TX,33.101,-97.957,6,1280.000,1241.000,1280.000,Natural Gas Fired Combined Cycle,1241.000,0.000,0.000,"Jack County Power, LLC",True,august_generator2026.xlsx,https://www.eia.gov/electricity/data/eia860m/xls/august_generator2026.xlsx,2026-10-07T17:51:42+00:00
55501,Kiamichi Energy Facility,Pittsburg,OK,34.683,-95.935,6,1370.000,1224.000,1400.000,Natural Gas Fired Combined Cycle,1224.000,0.000,0.000,Kiowa Power Partners LLC,False,august_generator2026.xlsx,https://www.eia.gov/electricity/data/eia860m/xls/august_generator2026.xlsx,2026-10-07T17:51:42+00:00
55464,Deer Park Energy Center,Harris,TX,29.713,-95.135,6,1176.000,1192.000,1237.000,Natural Gas Fired Combined Cycle,1192.000,0.000,0.000,Deer Park Energy Center,True,august_generator2026.xlsx,https://www.eia.gov/electricity/data/eia860m/xls/august_generator2026.xlsx,2026-10-07T17:51:42+00:00
60122,Colorado Bend II,Wharton,TX,29.289,-96.065,3,1230.300,1142.700,1210.300,Natural Gas Fired Combined Cycle,1142.700,0.000,0.000,"Constellation Power, Inc",True,august_generator2026.xlsx,https://www.eia.gov/electricity/data/eia860m/xls/august_generator2026.xlsx,2026-10-07T17:51:42+00:00
3470,W A Parish,Fort Bend,TX,29.483,-95.631,5,1271.600,1118.000,1161.000,Natural Gas Fired Combustion Turbine | Natural Gas Steam Turbine,0.000,13.000,1105.000,NRG Texas Power LLC,True,august_generator2026.xlsx,https://www.eia.gov/electricity/data/eia860m/xls/august_generator2026.xlsx,2026-10-07T17:51:42+00:00
59812,Wolf Hollow II,Hood,TX,32.338,-97.735,3,1231.200,1103.400,1181.000,Natural Gas Fired Combined Cycle,1103.400,0.000,0.000,"Constellation Power, Inc",True,august_generator2026.xlsx,https://www.eia.gov/electricity/data/eia860m/xls/august_generator2026.xlsx,2026-10-07T17:51:42+00:00
55215,Odessa-Ector Power Plant,Ector,TX,31.840,-102.326,6,1152.800,1061.800,1202.600,Natural Gas Fired Combined Cycle,1061.800,0.000,0.000,LaFrontera Holdings LLC,True,august_generator2026.xlsx,https://www.eia.gov/electricity/data/eia860m/xls/august_generator2026.xlsx,2026-10-07T17:51:42+00:00
3612,V H Braunig,Bexar,TX,29.257,-98.382,7,1138.000,1050.000,1050.000,Natural Gas Fired Combustion Turbine | Natural Gas Steam Turbine,0.000,191.000,859.000,City of San Antonio - (TX),True,august_generator2026.xlsx,https://www.eia.gov/electricity/data/eia860m/xls/august_generator2026.xlsx,2026-10-07T17:51:42+00:00
55097,Lamar Power Project,Lamar,TX,33.631,-95.590,6,1112.600,1044.000,1149.000,Natural Gas Fired Combined Cycle,1044.000,0.000,0.000,LaFrontera Holdings LLC,True,august_generator2026.xlsx,https://www.eia.gov/electricity/data/eia860m/xls/august_generator2026.xlsx,2026-10-07T17:51:42+00:00
55226,Freestone Energy Center,Freestone,TX,31.891,-96.113,6,1036.000,1032.000,1095.200,Natural Gas Fired Combined Cycle,1032.000,0.000,0.000,Freestone Power Generation LLC,True,august_generator2026.xlsx,https://www.eia.gov/electricity/data/eia860m/xls/august_generator2026.xlsx,2026-10-07T17:51:42+00:00
55153,Guadalupe Generating Station,Guadalupe,TX,29.624,-98.142,6,1088.200,1005.000,1042.000,Natural Gas Fired Combined Cycle,1005.000,0.000,0.000,Guadalupe Power Partners LP,True,august_generator2026.xlsx,https://www.eia.gov/electricity/data/eia860m/xls/august_generator2026.xlsx,2026-10-07T17:51:42+00:00
3469,T H Wharton,Harris,TX,29.942,-95.531,17,1189.900,1002.000,1178.000,Natural Gas Fired Combined Cycle | Natural Gas Fired Combustion Turbine,652.000,350.000,0.000,NRG Texas Power LLC,True,august_generator2026.xlsx,https://www.eia.gov/electricity/data/eia860m/xls/august_generator2026.xlsx,2026-10-07T17:51:42+00:00
55144,Hays Energy Project,Hays,TX,29.781,-97.989,4,989.000,931.000,1048.000,Natural Gas Fired Combined Cycle,931.000,0.000,0.000,"Hays Energy, LLC",True,august_generator2026.xlsx,https://www.eia.gov/electricity/data/eia860m/xls/august_generator2026.xlsx,2026-10-07T17:51:42+00:00
4939,Barney M Davis,Nueces,TX,27.606,-97.312,4,1082.200,925.000,947.000,Natural Gas Fired Combined Cycle | Natural Gas Steam Turbine,633.000,0.000,292.000,City of San Antonio - (TX),True,august_generator2026.xlsx,https://www.eia.gov/electricity/data/eia860m/xls/august_generator2026.xlsx,2026-10-07T17:51:42+00:00
3452,Lake Hubbard,Dallas,TX,32.836,-96.546,2,927.500,915.000,915.000,Natural Gas Steam Turbine,0.000,0.000,915.000,Luminant Generation Company LLC,True,august_generator2026.xlsx,https://www.eia.gov/electricity/data/eia860m/xls/august_generator2026.xlsx,2026-10-07T17:51:42+00:00
55062,Tenaska Frontier Generation Station,Grimes,TX,30.592,-95.918,4,939.700,860.000,926.000,Natural Gas Fired Combined Cycle,860.000,0.000,0.000,Tenaska Frontier Partners Ltd,True,august_generator2026.xlsx,https://www.eia.gov/electricity/data/eia860m/xls/august_generator2026.xlsx,2026-10-07T17:51:42+00:00
55327,Baytown Energy Center,Chambers,TX,29.773,-94.902,4,932.900,852.000,819.000,Natural Gas Fired Combined Cycle,852.000,0.000,0.000,Baytown Energy Center LLC,True,august_generator2026.xlsx,https://www.eia.gov/electricity/data/eia860m/xls/august_generator2026.xlsx,2026-10-07T17:51:42+00:00
3611,O W Sommers,Bexar,TX,29.308,-98.324,2,892.000,830.000,830.000,Natural Gas Steam Turbine,0.000,0.000,830.000,City of San Antonio - (TX),True,august_generator2026.xlsx,https://www.eia.gov/electricity/data/eia860m/xls/august_generator2026.xlsx,2026-10-07T17:51:42+00:00
10554,Formosa Utility Venture Ltd,Calhoun,TX,28.692,-96.542,13,933.400,829.800,954.200,Natural Gas Fired Combined Cycle,829.800,0.000,0.000,Formosa Plastics Corp,True,august_generator2026.xlsx,https://www.eia.gov/electricity/data/eia860m/xls/august_generator2026.xlsx,2026-10-07T17:51:42+00:00
55132,Tenaska Gateway Generating Station,Rusk,TX,32.018,-94.620,4,939.600,826.000,921.000,Natural Gas Fired Combined Cycle,826.000,0.000,0.000,Tenaska Gateway Partners Ltd,True,august_generator2026.xlsx,https://www.eia.gov/electricity/data/eia860m/xls/august_generator2026.xlsx,2026-10-07T17:51:42+00:00
3453,Mountain Creek,Dallas,TX,32.723,-96.936,3,852.200,808.000,808.000,Natural Gas Steam Turbine,0.000,0.000,808.000,"Mountain Creek Power, LLC",True,august_generator2026.xlsx,https://www.eia.gov/electricity/data/eia860m/xls/august_generator2026.xlsx,2026-10-07T17:51:42+00:00
55137,Rio Nogales Power Project,Guadalupe,TX,29.593,-97.973,4,1108.000,799.500,916.000,Natural Gas Fired Combined Cycle,799.500,0.000,0.000,City of San Antonio - (TX),True,august_generator2026.xlsx,https://www.eia.gov/electricity/data/eia860m/xls/august_generator2026.xlsx,2026-10-07T17:51:42+00:00
55172,Thad Hill Energy Center,Bosque,TX,31.859,-97.359,5,807.000,763.000,801.000,Natural Gas Fired Combined Cycle,763.000,0.000,0.000,"Thad Hill Energy Center, LLC",True,august_generator2026.xlsx,https://www.eia.gov/electricity/data/eia860m/xls/august_generator2026.xlsx,2026-10-07T17:51:42+00:00
55187,Channelview Cogeneration Plant,Harris,TX,29.837,-95.122,5,918.300,761.000,862.200,Natural Gas Fired Combined Cycle,761.000,0.000,0.000,EIF Channelview Cogeneration LLC,True,august_generator2026.xlsx,https://www.eia.gov/electricity/data/eia860m/xls/august_generator2026.xlsx,2026-10-07T17:51:42+00:00
55299,Channel Energy Center LLC,Harris,TX,29.719,-95.232,4,923.800,760.000,790.000,Natural Gas Fired Combined Cycle,760.000,0.000,0.000,Channel Energy Center LLC,True,august_generator2026.xlsx,https://www.eia.gov/electricity/data/eia860m/xls/august_generator2026.xlsx,2026-10-07T17:51:42+00:00
55139,Wolf Hollow I LP,Hood,TX,32.334,-97.732,3,788.400,756.000,775.000,Natural Gas Fired Combined Cycle,756.000,0.000,0.000,"Wolf Hollow I Power, LLC",True,august_generator2026.xlsx,https://www.eia.gov/electricity/data/eia860m/xls/august_generator2026.xlsx,2026-10-07T17:51:42+00:00
55047,Pasadena Cogeneration,Harris,TX,29.725,-95.176,5,815.000,746.000,776.000,Natural Gas Fired Combined Cycle,746.000,0.000,0.000,Pasadena Cogeneration LP,True,august_generator2026.xlsx,https://www.eia.gov/electricity/data/eia860m/xls/august_generator2026.xlsx,2026-10-07T17:51:42+00:00
55320,Wise County Power LLC,Wise,TX,33.058,-97.910,3,821.700,735.000,782.000,Natural Gas Fired Combined Cycle,735.000,0.000,0.000,Wise County Power Company LLC,True,august_generator2026.xlsx,https://www.eia.gov/electricity/data/eia860m/xls/august_generator2026.xlsx,2026-10-07T17:51:42+00:00
58005,Rayburn Energy Station LLC,Grayson,TX,33.583,-96.618,3,803.200,685.000,764.000,Natural Gas Fired Combined Cycle,685.000,0.000,0.000,Rayburn Energy Station LLC,True,august_generator2026.xlsx,https://www.eia.gov/electricity/data/eia860m/xls/august_generator2026.xlsx,2026-10-07T17:51:42+00:00
3504,Stryker Creek,Cherokee,TX,31.940,-94.990,2,703.400,672.000,672.000,Natural Gas Steam Turbine,0.000,0.000,672.000,Luminant Generation Company LLC,True,august_generator2026.xlsx,https://www.eia.gov/electricity/data/eia860m/xls/august_generator2026.xlsx,2026-10-07T17:51:42+00:00
55123,Magic Valley Generating Station,Hidalgo,TX,26.340,-98.190,3,801.000,667.000,697.000,Natural Gas Fired Combined Cycle,667.000,0.000,0.000,Calpine Corp-Magic Valley,True,august_generator2026.xlsx,https://www.eia.gov/electricity/data/eia860m/xls/august_generator2026.xlsx,2026-10-07T17:51:42+00:00
3490,Graham,Young,TX,33.134,-98.612,2,634.700,634.000,634.000,Natural Gas Steam Turbine,0.000,0.000,634.000,Luminant Generation Company LLC,True,august_generator2026.xlsx,https://www.eia.gov/electricity/data/eia860m/xls/august_generator2026.xlsx,2026-10-07T17:51:42+00:00
3441,Nueces Bay,Nueces,TX,27.819,-97.419,3,730.200,633.000,655.000,Natural Gas Fired Combined Cycle,633.000,0.000,0.000,City of San Antonio - (TX),True,august_generator2026.xlsx,https://www.eia.gov/electricity/data/eia860m/xls/august_generator2026.xlsx,2026-10-07T17:51:42+00:00
55470,Green Power 2,Galveston,TX,29.378,-94.933,5,861.000,624.000,645.000,Natural Gas Fired Combined Cycle,624.000,0.000,0.000,South Houston Green Power LLC,True,august_generator2026.xlsx,https://www.eia.gov/electricity/data/eia860m/xls/august_generator2026.xlsx,2026-10-07T17:51:42+00:00
56350,Colorado Bend Energy Center,Wharton,TX,29.288,-96.068,8,654.100,608.000,608.000,Natural Gas Fired Combined Cycle | Natural Gas Fired Combustion Turbine,546.000,62.000,0.000,CER Colorado Bend Energy Partners LP,True,august_generator2026.xlsx,https://www.eia.gov/electricity/data/eia860m/xls/august_generator2026.xlsx,2026-10-07T17:51:42+00:00
3601,Sim Gideon,Bastrop,TX,30.146,-97.271,3,623.000,607.000,620.000,Natural Gas Steam Turbine,0.000,0.000,607.000,Lower Colorado River Authority,True,august_generator2026.xlsx,https://www.eia.gov/electricity/data/eia860m/xls/august_generator2026.xlsx,2026-10-07T17:51:42+00:00
7900,Sand Hill,Travis,TX,30.210,-97.613,8,696.400,595.800,627.800,Natural Gas Fired Combined Cycle | Natural Gas Fired Combustion Turbine,312.000,283.800,0.000,Austin Energy,True,august_generator2026.xlsx,https://www.eia.gov/electricity/data/eia860m/xls/august_generator2026.xlsx,2026-10-07T17:51:42+00:00
3628,R W Miller,Palo Pinto,TX,32.658,-98.310,5,603.600,587.000,615.000,Natural Gas Fired Combustion Turbine | Natural Gas Steam Turbine,0.000,208.000,379.000,RW Miller Power LLC,True,august_generator2026.xlsx,https://www.eia.gov/electricity/data/eia860m/xls/august_generator2026.xlsx,2026-10-07T17:51:42+00:00
55168,Bastrop Energy Center,Bastrop,TX,30.146,-97.550,3,618.700,575.000,610.000,Natural Gas Fired Combined Cycle,575.000,0.000,0.000,"Bastrop Energy Partners, LP",True,august_generator2026.xlsx,https://www.eia.gov/electricity/data/eia860m/xls/august_generator2026.xlsx,2026-10-07T17:51:42+00:00
55098,Frontera Energy Center,Hidalgo,TX,26.208,-98.399,3,529.000,535.000,559.000,Natural Gas Fired Combined Cycle,535.000,0.000,0.000,Frontera Generation Limited Partnership,True,august_generator2026.xlsx,https://www.eia.gov/electricity/data/eia860m/xls/august_generator2026.xlsx,2026-10-07T17:51:42+00:00
7512,Arthur Von Rosenberg,Bexar,TX,29.257,-98.384,3,575.000,520.000,549.000,Natural Gas Fired Combined Cycle,520.000,0.000,0.000,City of San Antonio - (TX),True,august_generator2026.xlsx,https://www.eia.gov/electricity/data/eia860m/xls/august_generator2026.xlsx,2026-10-07T17:51:42+00:00
4937,Thomas C Ferguson,Llano,TX,30.558,-98.372,3,574.600,516.000,556.000,Natural Gas Fired Combined Cycle,516.000,0.000,0.000,Lower Colorado River Authority,True,august_generator2026.xlsx,https://www.eia.gov/electricity/data/eia860m/xls/august_generator2026.xlsx,2026-10-07T17:51:42+00:00
55154,Lost Pines 1 Power Project,Bastrop,TX,30.148,-97.271,3,609.000,510.000,540.000,Natural Gas Fired Combined Cycle,510.000,0.000,0.000,Lower Colorado River Authority,True,august_generator2026.xlsx,https://www.eia.gov/electricity/data/eia860m/xls/august_generator2026.xlsx,2026-10-07T17:51:42+00:00
55206,Corpus Christi Energy Center,Nueces,TX,27.814,-97.428,3,593.300,506.000,518.000,Natural Gas Fired Combined Cycle,506.000,0.000,0.000,Corpus Christi Cogeneration LLC,True,august_generator2026.xlsx,https://www.eia.gov/electricity/data/eia860m/xls/august_generator2026.xlsx,2026-10-07T17:51:42+00:00
56806,Cedar Bayou 4,Chambers,TX,29.752,-94.923,3,535.500,504.000,532.000,Natural Gas Fired Combined Cycle,504.000,0.000,0.000,NRG Cedar Bayou Development Company LLC,True,august_generator2026.xlsx,https://www.eia.gov/electricity/data/eia860m/xls/august_generator2026.xlsx,2026-10-07T17:51:42+00:00
55545,Hidalgo Energy Center,Hidalgo,TX,26.342,-98.176,3,551.300,495.000,543.000,Natural Gas Fired Combined Cycle,495.000,0.000,0.000,Calpine Corp - Hidalgo,True,august_generator2026.xlsx,https://www.eia.gov/electricity/data/eia860m/xls/august_generator2026.xlsx,2026-10-07T17:51:42+00:00
50815,"Odyssey Energy Altura Cogen, LLC",Harris,TX,29.816,-95.108,7,643.600,485.000,605.000,Natural Gas Fired Combined Cycle,485.000,0.000,0.000,Odyssey Operating Services,True,august_generator2026.xlsx,https://www.eia.gov/electricity/data/eia860m/xls/august_generator2026.xlsx,2026-10-07T17:51:42+00:00
56349,Quail Run Energy Center,Ector,TX,31.841,-102.315,6,550.400,472.200,532.200,Natural Gas Fired Combined Cycle,472.200,0.000,0.000,"Quail Run Energy Partners, LP",True,august_generator2026.xlsx,https://www.eia.gov/electricity/data/eia860m/xls/august_generator2026.xlsx,2026-10-07T17:51:42+00:00
55313,Ingleside Cogeneration,San Patricio,TX,27.883,-97.243,3,517.000,460.000,508.000,Natural Gas Fired Combined Cycle,460.000,0.000,0.000,Ingleside Cogeneration LP,True,august_generator2026.xlsx,https://www.eia.gov/electricity/data/eia860m/xls/august_generator2026.xlsx,2026-10-07T17:51:42+00:00
52120,Freeport Energy,Brazoria,TX,28.991,-95.407,6,603.100,458.000,499.300,Natural Gas Fired Combined Cycle,458.000,0.000,0.000,Olin Blue Cube Operations,True,august_generator2026.xlsx,https://www.eia.gov/electricity/data/eia860m/xls/august_generator2026.xlsx,2026-10-07T17:51:42+00:00
63688,Topaz Generating,Galveston,TX,29.426,-94.977,10,605.000,445.000,498.000,Natural Gas Fired Combustion Turbine,0.000,445.000,0.000,City of San Antonio - (TX),True,august_generator2026.xlsx,https://www.eia.gov/electricity/data/eia860m/xls/august_generator2026.xlsx,2026-10-07T17:51:42+00:00
55015,Sweeny Cogen Facility,Brazoria,TX,29.073,-95.745,4,572.000,436.000,504.000,Natural Gas Fired Combustion Turbine,0.000,436.000,0.000,Sweeny Cogeneration LLC,True,august_generator2026.xlsx,https://www.eia.gov/electricity/data/eia860m/xls/august_generator2026.xlsx,2026-10-07T17:51:42+00:00
67500,"Pin Oak Creek Energy Center, LLC",Freestone,TX,31.894,-96.111,2,444.000,424.000,460.000,Natural Gas Fired Combustion Turbine,0.000,424.000,0.000,Freestone Power Generation LLC,True,august_generator2026.xlsx,https://www.eia.gov/electricity/data/eia860m/xls/august_generator2026.xlsx,2026-10-07T17:51:42+00:00
52088,Texas City Power Plant,Galveston,TX,29.379,-94.944,4,450.000,418.000,435.000,Natural Gas Fired Combined Cycle,418.000,0.000,0.000,Texas City Cogeneration LLC,True,august_generator2026.xlsx,https://www.eia.gov/electricity/data/eia860m/xls/august_generator2026.xlsx,2026-10-07T17:51:42+00:00
66601,NRG THW GT Electric Generating Station,Harris,TX,29.944,-95.531,2,377.400,408.000,444.000,Natural Gas Fired Combustion Turbine,0.000,408.000,0.000,NRG THW GT LLC,True,august_generator2026.xlsx,https://www.eia.gov/electricity/data/eia860m/xls/august_generator2026.xlsx,2026-10-07T17:51:42+00:00
3576,Ray Olinger,Collin,TX,33.068,-96.452,4,427.700,395.000,401.000,Natural Gas Fired Combustion Turbine | Natural Gas Steam Turbine,0.000,75.000,320.000,City of Garland - (TX),True,august_generator2026.xlsx,https://www.eia.gov/electricity/data/eia860m/xls/august_generator2026.xlsx,2026-10-07T17:51:42+00:00
54676,Oyster Creek Unit VIII,Brazoria,TX,28.980,-95.342,4,497.900,379.000,430.000,Natural Gas Fired Combined Cycle,379.000,0.000,0.000,Dow Chemical Company-Oyster Creek VIII,True,august_generator2026.xlsx,https://www.eia.gov/electricity/data/eia860m/xls/august_generator2026.xlsx,2026-10-07T17:51:42+00:00
55086,Gregory Power Plant,San Patricio,TX,27.889,-97.258,3,469.800,366.000,411.000,Natural Gas Fired Combined Cycle,366.000,0.000,0.000,Gregory Power Partners LLC,True,august_generator2026.xlsx,https://www.eia.gov/electricity/data/eia860m/xls/august_generator2026.xlsx,2026-10-07T17:51:42+00:00
66335,Timmerman Power Plant,Caldwell,TX,29.875,-97.807,20,368.000,366.000,366.000,Natural Gas Internal Combustion Engine,0.000,0.000,0.000,Lower Colorado River Authority,True,august_generator2026.xlsx,https://www.eia.gov/electricity/data/eia860m/xls/august_generator2026.xlsx,2026-10-07T17:51:42+00:00
55223,Ennis Power Company LLC,Ellis,TX,32.320,-96.675,2,418.000,359.500,392.900,Natural Gas Fired Combined Cycle,359.500,0.000,0.000,Ennis Power Company LLC,True,august_generator2026.xlsx,https://www.eia.gov/electricity/data/eia860m/xls/august_generator2026.xlsx,2026-10-07T17:51:42+00:00
65373,Brotman Power Station,Brazoria,TX,29.364,-95.435,8,484.000,356.800,398.400,Natural Gas Fired Combustion Turbine,0.000,356.800,0.000,ProEnergy Services,True,august_generator2026.xlsx,https://www.eia.gov/electricity/data/eia860m/xls/august_generator2026.xlsx,2026-10-07T17:51:42+00:00
65372,Mark One Power Station,Brazoria,TX,29.227,-95.431,8,484.000,356.800,398.400,Natural Gas Fired Combustion Turbine,0.000,356.800,0.000,City of San Antonio - (TX),True,august_generator2026.xlsx,https://www.eia.gov/electricity/data/eia860m/xls/august_generator2026.xlsx,2026-10-07T17:51:42+00:00
64383,Braes Bayou Plant,Fort Bend,TX,29.480,-95.620,8,484.000,356.000,398.400,Natural Gas Fired Combustion Turbine,0.000,356.000,0.000,ProEnergy Services,True,august_generator2026.xlsx,https://www.eia.gov/electricity/data/eia860m/xls/august_generator2026.xlsx,2026-10-07T17:51:42+00:00
63335,HO Clarke Generating,Harris,TX,29.645,-95.452,8,484.000,356.000,398.400,Natural Gas Fired Combustion Turbine,0.000,356.000,0.000,City of San Antonio - (TX),True,august_generator2026.xlsx,https://www.eia.gov/electricity/data/eia860m/xls/august_generator2026.xlsx,2026-10-07T17:51:42+00:00
66604,Remy Jade Power Station,Harris,TX,29.848,-95.016,8,484.000,356.000,398.400,Natural Gas Fired Combustion Turbine,0.000,356.000,0.000,City of San Antonio - (TX),True,august_generator2026.xlsx,https://www.eia.gov/electricity/data/eia860m/xls/august_generator2026.xlsx,2026-10-07T17:51:42+00:00
3464,Greens Bayou,Harris,TX,29.822,-95.219,6,432.000,327.000,396.000,Natural Gas Fired Combustion Turbine,0.000,327.000,0.000,NRG Texas Power LLC,True,august_generator2026.xlsx,https://www.eia.gov/electricity/data/eia860m/xls/august_generator2026.xlsx,2026-10-07T17:51:42+00:00
60264,Bacliff,Galveston,TX,29.492,-94.985,6,427.200,324.000,360.000,Natural Gas Fired Combustion Turbine,0.000,324.000,0.000,PHR Holdings LLC,True,august_generator2026.xlsx,https://www.eia.gov/electricity/data/eia860m/xls/august_generator2026.xlsx,2026-10-07T17:51:42+00:00
58471,Ector County Energy Center,Ector,TX,32.069,-102.586,2,358.800,320.000,336.000,Natural Gas Fired Combustion Turbine,0.000,320.000,0.000,"Ector County Generation, LLC",True,august_generator2026.xlsx,https://www.eia.gov/electricity/data/eia860m/xls/august_generator2026.xlsx,2026-10-07T17:51:42+00:00
3494,Permian Basin,Ward,TX,31.584,-102.963,5,447.000,320.000,387.000,Natural Gas Fired Combustion Turbine,0.000,320.000,0.000,Luminant Generation Company LLC,True,august_generator2026.xlsx,https://www.eia.gov/electricity/data/eia860m/xls/august_generator2026.xlsx,2026-10-07T17:51:42+00:00
10692,ExxonMobil Baytown Turbine,Harris,TX,29.759,-95.010,5,381.800,305.000,374.100,Natural Gas Fired Combustion Turbine,0.000,305.000,0.000,Exxon Mobil Refining and Supply Co.,True,august_generator2026.xlsx,https://www.eia.gov/electricity/data/eia860m/xls/august_generator2026.xlsx,2026-10-07T17:51:42+00:00
10298,Bayou Cogen Plant,Harris,TX,29.622,-95.046,4,318.400,300.000,372.000,Natural Gas Fired Combustion Turbine,0.000,300.000,0.000,Air Liquide Large Industries U S LP,True,august_generator2026.xlsx,https://www.eia.gov/electricity/data/eia860m/xls/august_generator2026.xlsx,2026-10-07T17:51:42+00:00
3443,Victoria,Victoria,TX,28.788,-97.010,2,376.900,288.000,288.000,Natural Gas Fired Combined Cycle,288.000,0.000,0.000,"Victoria WLE, LP",True,august_generator2026.xlsx,https://www.eia.gov/electricity/data/eia860m/xls/august_generator2026.xlsx,2026-10-07T17:51:42+00:00
56708,CFB Power Plant,Calhoun,TX,28.650,-96.540,2,310.000,286.200,286.200,Natural Gas Steam Turbine,0.000,0.000,286.200,Formosa Plastics Corp,True,august_generator2026.xlsx,https://www.eia.gov/electricity/data/eia860m/xls/august_generator2026.xlsx,2026-10-07T17:51:42+00:00
54817,Johnson County,Johnson,TX,32.399,-97.408,2,282.600,278.000,280.000,Natural Gas Fired Combined Cycle,278.000,0.000,0.000,Johnson County Power LLC,True,august_generator2026.xlsx,https://www.eia.gov/electricity/data/eia860m/xls/august_generator2026.xlsx,2026-10-07T17:51:42+00:00
8063,DeCordova Steam Electric Station,Hood,TX,32.403,-97.701,4,357.600,274.000,347.000,Natural Gas Fired Combustion Turbine,0.000,274.000,0.000,Luminant Generation Company LLC,True,august_generator2026.xlsx,https://www.eia.gov/electricity/data/eia860m/xls/august_generator2026.xlsx,2026-10-07T17:51:42+00:00
50043,Houston Chemical Complex Battleground,Harris,TX,29.731,-95.084,4,380.700,263.000,300.000,Natural Gas Fired Combined Cycle,263.000,0.000,0.000,Oxy Vinyls LP,True,august_generator2026.xlsx,https://www.eia.gov/electricity/data/eia860m/xls/august_generator2026.xlsx,2026-10-07T17:51:42+00:00
60468,Friendswood Energy,Harris,TX,29.647,-95.452,4,265.200,252.000,282.000,Natural Gas Fired Combustion Turbine,0.000,252.000,0.000,Tejas Power Generation LLC,True,august_generator2026.xlsx,https://www.eia.gov/electricity/data/eia860m/xls/august_generator2026.xlsx,2026-10-07T17:51:42+00:00
50109,Paris Energy Center,Lamar,TX,33.697,-95.558,3,265.600,239.000,263.000,Natural Gas Fired Combined Cycle,239.000,0.000,0.000,Paris Generation LP,True,august_generator2026.xlsx,https://www.eia.gov/electricity/data/eia860m/xls/august_generator2026.xlsx,2026-10-07T17:51:42+00:00
3507,Trinidad (TX),Henderson,TX,32.125,-96.101,1,239.300,236.000,236.000,Natural Gas Steam Turbine,0.000,0.000,236.000,Luminant Generation Company LLC,True,august_generator2026.xlsx,https://www.eia.gov/electricity/data/eia860m/xls/august_generator2026.xlsx,2026-10-07T17:51:42+00:00
61643,Denton Energy Center,Denton,TX,33.215,-97.210,12,225.600,225.600,225.600,Natural Gas Internal Combustion Engine,0.000,0.000,0.000,City of Denton - (TX),True,august_generator2026.xlsx,https://www.eia.gov/electricity/data/eia860m/xls/august_generator2026.xlsx,2026-10-07T17:51:42+00:00
59391,Red Gate Power Plant,Hidalgo,TX,26.451,-98.177,12,224.400,219.600,219.600,Natural Gas Internal Combustion Engine,0.000,0.000,0.000,"South Texas Electric Coop, Inc",True,august_generator2026.xlsx,https://www.eia.gov/electricity/data/eia860m/xls/august_generator2026.xlsx,2026-10-07T17:51:42+00:00
56152,Freeport Energy Center,Brazoria,TX,28.989,-95.395,2,260.000,219.400,258.700,Natural Gas Fired Combined Cycle,219.400,0.000,0.000,Dow Hydrocarbons and Resources LLC,True,august_generator2026.xlsx,https://www.eia.gov/electricity/data/eia860m/xls/august_generator2026.xlsx,2026-10-07T17:51:42+00:00
3548,Decker Creek,Travis,TX,30.303,-97.613,4,206.000,208.000,240.000,Natural Gas Fired Combustion Turbine,0.000,208.000,0.000,Austin Energy,True,august_generator2026.xlsx,https://www.eia.gov/electricity/data/eia860m/xls/august_generator2026.xlsx,2026-10-07T17:51:42+00:00
6243,Dansby,Brazos,TX,30.722,-96.461,3,203.200,204.200,206.200,Natural Gas Fired Combustion Turbine | Natural Gas Steam Turbine,0.000,94.200,110.000,City of Bryan - (TX),True,august_generator2026.xlsx,https://www.eia.gov/electricity/data/eia860m/xls/august_generator2026.xlsx,2026-10-07T17:51:42+00:00
3630,Pearsall,Frio,TX,28.927,-99.092,24,201.600,201.600,201.600,Natural Gas Internal Combustion Engine,0.000,0.000,0.000,"South Texas Electric Coop, Inc",True,august_generator2026.xlsx,https://www.eia.gov/electricity/data/eia860m/xls/august_generator2026.xlsx,2026-10-07T17:51:42+00:00
3609,Leon Creek,Bexar,TX,29.352,-98.576,4,229.600,184.000,184.000,Natural Gas Fired Combustion Turbine,0.000,184.000,0.000,City of San Antonio - (TX),True,august_generator2026.xlsx,https://www.eia.gov/electricity/data/eia860m/xls/august_generator2026.xlsx,2026-10-07T17:51:42+00:00
3631,Sam Rayburn,Victoria,TX,28.895,-97.135,4,189.600,183.000,183.000,Natural Gas Fired Combined Cycle,183.000,0.000,0.000,"South Texas Electric Coop, Inc",True,august_generator2026.xlsx,https://www.eia.gov/electricity/data/eia860m/xls/august_generator2026.xlsx,2026-10-07T17:51:42+00:00
3439,Laredo,Webb,TX,27.567,-99.509,2,263.600,177.400,191.800,Natural Gas Fired Combustion Turbine,0.000,177.400,0.000,City of San Antonio - (TX),True,august_generator2026.xlsx,https://www.eia.gov/electricity/data/eia860m/xls/august_generator2026.xlsx,2026-10-07T17:51:42+00:00
56674,Winchester Power Park,Fayette,TX,30.025,-96.995,4,242.000,176.000,184.000,Natural Gas Fired Combustion Turbine,0.000,176.000,0.000,Lower Colorado River Authority,True,august_generator2026.xlsx,https://www.eia.gov/electricity/data/eia860m/xls/august_generator2026.xlsx,2026-10-07T17:51:42+00:00
52132,Power Station 4,Galveston,TX,29.378,-94.922,3,191.100,172.000,190.000,Natural Gas Fired Combined Cycle,172.000,0.000,0.000,South Houston Green Power LLC,True,august_generator2026.xlsx,https://www.eia.gov/electricity/data/eia860m/xls/august_generator2026.xlsx,2026-10-07T17:51:42+00:00
52176,C R Wing Cogen Plant,Howard,TX,32.273,-101.422,2,169.800,169.800,169.800,Natural Gas Fired Combustion Turbine,0.000,169.800,0.000,"BHER Power Resources, Inc",True,august_generator2026.xlsx,https://www.eia.gov/electricity/data/eia860m/xls/august_generator2026.xlsx,2026-10-07T17:51:42+00:00
7325,San Jacinto Steam Electric Station,Harris,TX,29.695,-95.041,2,176.400,160.000,174.000,Natural Gas Fired Combustion Turbine,0.000,160.000,0.000,NRG Texas Power LLC,True,august_generator2026.xlsx,https://www.eia.gov/electricity/data/eia860m/xls/august_generator2026.xlsx,2026-10-07T17:51:42+00:00
50304,Shell Deer Park,Harris,TX,29.723,-95.129,2,182.200,153.000,177.000,Natural Gas Fired Combustion Turbine,0.000,153.000,0.000,Deer Park Refinery Limited Partnership (DPRLP),True,august_generator2026.xlsx,https://www.eia.gov/electricity/data/eia860m/xls/august_generator2026.xlsx,2026-10-07T17:51:42+00:00
50150,Union Carbide Seadrift Cogen,Calhoun,TX,28.511,-96.771,8,168.000,153.000,177.000,Natural Gas Fired Combustion Turbine | Natural Gas Steam Turbine,0.000,102.000,51.000,Union Carbide Corp-Seadrift,True,august_generator2026.xlsx,https://www.eia.gov/electricity/data/eia860m/xls/august_generator2026.xlsx,2026-10-07T17:51:42+00:00
50118,Hal C Weaver Power Plant,Travis,TX,30.287,-97.736,6,152.500,146.800,144.800,Natural Gas Fired Combined Cycle,146.800,0.000,0.000,University of Texas at Austin,True,august_generator2026.xlsx,https://www.eia.gov/electricity/data/eia860m/xls/august_generator2026.xlsx,2026-10-07T17:51:42+00:00
55365,Exelon LaPorte Generating Station,Harris,TX,29.703,-95.072,4,236.000,144.000,152.000,Natural Gas Fired Combustion Turbine,0.000,144.000,0.000,"LaPorte Power, LLC",True,august_generator2026.xlsx,https://www.eia.gov/electricity/data/eia860m/xls/august_generator2026.xlsx,2026-10-07T17:51:42+00:00
10436,ExxonMobil Baytown Refinery,Harris,TX,29.754,-94.997,6,201.800,134.000,166.000,Natural Gas Fired Combustion Turbine,0.000,134.000,0.000,Exxon Mobil Refining and Supply Co.,True,august_generator2026.xlsx,https://www.eia.gov/electricity/data/eia860m/xls/august_generator2026.xlsx,2026-10-07T17:51:42+00:00
4266,Spencer,Denton,TX,33.197,-97.106,2,126.500,122.000,122.000,Natural Gas Steam Turbine,0.000,0.000,122.000,City of Garland - (TX),True,august_generator2026.xlsx,https://www.eia.gov/electricity/data/eia860m/xls/august_generator2026.xlsx,2026-10-07T17:51:42+00:00
10154,Power Island,Brazoria,TX,29.229,-95.195,3,141.000,110.000,138.000,Natural Gas Fired Combustion Turbine,0.000,110.000,0.000,INEOS USA LLC,True,august_generator2026.xlsx,https://www.eia.gov/electricity/data/eia860m/xls/august_generator2026.xlsx,2026-10-07T17:51:42+00:00
3559,Silas Ray,Cameron,TX,25.913,-97.521,3,136.000,107.000,120.000,Natural Gas Fired Combined Cycle | Natural Gas Fired Combustion Turbine,62.000,45.000,0.000,Brownsville Public Utilities Board,True,august_generator2026.xlsx,https://www.eia.gov/electricity/data/eia860m/xls/august_generator2026.xlsx,2026-10-07T17:51:42+00:00
56233,EG178 Facility,Scurry,TX,32.747,-100.955,3,153.900,100.000,106.000,Natural Gas Fired Combined Cycle,100.000,0.000,0.000,Kinder Morgan Production Company LP,True,august_generator2026.xlsx,https://www.eia.gov/electricity/data/eia860m/xls/august_generator2026.xlsx,2026-10-07T17:51:42+00:00
57504,TECO CHP-1,Harris,TX,29.703,-95.398,2,98.000,97.000,97.000,Natural Gas Fired Combustion Turbine,0.000,97.000,0.000,Texas Medical Center Central,True,august_generator2026.xlsx,https://www.eia.gov/electricity/data/eia860m/xls/august_generator2026.xlsx,2026-10-07T17:51:42+00:00
60460,Chamon,Harris,TX,29.883,-95.111,2,121.000,92.000,92.000,Natural Gas Fired Combustion Turbine,0.000,92.000,0.000,"Peaker Power, LLC",True,august_generator2026.xlsx,https://www.eia.gov/electricity/data/eia860m/xls/august_generator2026.xlsx,2026-10-07T17:51:42+00:00
62548,SJRR (LIG),Harris,TX,29.882,-95.111,2,100.000,90.000,90.000,Natural Gas Fired Combustion Turbine,0.000,90.000,0.000,SJRR Power LLC,True,august_generator2026.xlsx,https://www.eia.gov/electricity/data/eia860m/xls/august_generator2026.xlsx,2026-10-07T17:51:42+00:00
61241,Tres City Power LLC,Victoria,TX,28.785,-97.009,2,100.000,86.000,96.000,Natural Gas Fired Combustion Turbine,0.000,86.000,0.000,Tres Power Victoria LLC,True,august_generator2026.xlsx,https://www.eia.gov/electricity/data/eia860m/xls/august_generator2026.xlsx,2026-10-07T17:51:42+00:00
61242,"Tres Port Power, LLC",Victoria,TX,28.696,-96.945,2,100.000,86.000,96.000,Natural Gas Fired Combustion Turbine,0.000,86.000,0.000,Tres Power Victoria LLC,True,august_generator2026.xlsx,https://www.eia.gov/electricity/data/eia860m/xls/august_generator2026.xlsx,2026-10-07T17:51:42+00:00
61966,Victoria Port II,Victoria,TX,28.698,-96.946,2,100.000,86.000,92.000,Natural Gas Fired Combustion Turbine,0.000,86.000,0.000,Victoria Port Power II,True,august_generator2026.xlsx,https://www.eia.gov/electricity/data/eia860m/xls/august_generator2026.xlsx,2026-10-07T17:51:42+00:00
60459,Calhoun Port Comfort,Calhoun,TX,28.648,-96.546,2,121.000,84.000,92.000,Natural Gas Fired Combustion Turbine,0.000,84.000,0.000,"Peaker Power, LLC",True,august_generator2026.xlsx,https://www.eia.gov/electricity/data/eia860m/xls/august_generator2026.xlsx,2026-10-07T17:51:42+00:00
50127,Signal Hill Generating LLC,Wichita,TX,33.862,-98.589,4,80.000,76.100,75.100,Natural Gas Fired Combined Cycle,76.100,0.000,0.000,Signal Hill Generating LLC,True,august_generator2026.xlsx,https://www.eia.gov/electricity/data/eia860m/xls/august_generator2026.xlsx,2026-10-07T17:51:42+00:00
55311,BASF Freeport Works,Brazoria,TX,29.002,-95.394,1,81.000,75.000,85.000,Natural Gas Fired Combustion Turbine,0.000,75.000,0.000,BASF Corporation,True,august_generator2026.xlsx,https://www.eia.gov/electricity/data/eia860m/xls/august_generator2026.xlsx,2026-10-07T17:51:42+00:00
50137,Texas Gulf Sulphur,Wharton,TX,29.264,-95.900,1,101.900,75.000,80.000,Natural Gas Fired Combustion Turbine,0.000,75.000,0.000,Wharton County Generation LLC,True,august_generator2026.xlsx,https://www.eia.gov/electricity/data/eia860m/xls/august_generator2026.xlsx,2026-10-07T17:51:42+00:00
10790,Victoria Texas Plant,Victoria,TX,28.675,-96.956,1,102.400,75.000,88.000,Natural Gas Fired Combustion Turbine,0.000,75.000,0.000,Invista,True,august_generator2026.xlsx,https://www.eia.gov/electricity/data/eia860m/xls/august_generator2026.xlsx,2026-10-07T17:51:42+00:00
59145,Freeport LP Pretreatment Facility,Brazoria,TX,28.979,-95.307,1,87.000,70.000,87.000,Natural Gas Fired Combustion Turbine,0.000,70.000,0.000,Freeport LNG Development L.P,True,august_generator2026.xlsx,https://www.eia.gov/electricity/data/eia860m/xls/august_generator2026.xlsx,2026-10-07T17:51:42+00:00
59938,Sky Global Power One,Colorado,TX,29.550,-96.538,6,51.000,49.800,50.400,Natural Gas Internal Combustion Engine,0.000,0.000,0.000,"Sky Global Power One Pledgor, LLC",True,august_generator2026.xlsx,https://www.eia.gov/electricity/data/eia860m/xls/august_generator2026.xlsx,2026-10-07T17:51:42+00:00
10418,Ascend Performance Materials Texas Inc.,Brazoria,TX,29.256,-95.210,2,52.100,47.700,47.700,Natural Gas Steam Turbine,0.000,0.000,47.700,Ascend Performance Materials,True,august_generator2026.xlsx,https://www.eia.gov/electricity/data/eia860m/xls/august_generator2026.xlsx,2026-10-07T17:51:42+00:00
58151,Central Utility Plant - Texas A&M,Brazos,TX,30.618,-96.343,2,45.100,43.400,45.100,Natural Gas Fired Combined Cycle,43.400,0.000,0.000,"Texas A&M, Utilities & Energy Services",True,august_generator2026.xlsx,https://www.eia.gov/electricity/data/eia860m/xls/august_generator2026.xlsx,2026-10-07T17:51:42+00:00
4195,Powerlane Plant,Hunt,TX,33.171,-96.126,4,44.000,42.600,42.600,Natural Gas Internal Combustion Engine | Natural Gas Steam Turbine,0.000,0.000,18.000,City of Greenville - (TX),True,august_generator2026.xlsx,https://www.eia.gov/electricity/data/eia860m/xls/august_generator2026.xlsx,2026-10-07T17:51:42+00:00
58378,Petra Nova Carbon Capture Cogen,Fort Bend,TX,29.475,-95.634,1,82.200,41.000,56.000,Natural Gas Fired Combustion Turbine,0.000,41.000,0.000,Petra Nova Power I LLC,True,august_generator2026.xlsx,https://www.eia.gov/electricity/data/eia860m/xls/august_generator2026.xlsx,2026-10-07T17:51:42+00:00
50229,Texas Petrochemicals,Harris,TX,29.698,-95.255,1,35.000,35.000,35.000,Natural Gas Steam Turbine,0.000,0.000,35.000,"TPC Group, LLC",True,august_generator2026.xlsx,https://www.eia.gov/electricity/data/eia860m/xls/august_generator2026.xlsx,2026-10-07T17:51:42+00:00
50475,Corpus Christi,Nueces,TX,27.811,-97.596,1,41.000,33.000,41.000,Natural Gas Fired Combustion Turbine,0.000,33.000,0.000,Equistar Chemicals LP,True,august_generator2026.xlsx,https://www.eia.gov/electricity/data/eia860m/xls/august_generator2026.xlsx,2026-10-07T17:51:42+00:00
10243,Ticona Polymers Inc,Nueces,TX,27.570,-97.823,1,44.200,32.500,38.000,Natural Gas Fired Combustion Turbine,0.000,32.500,0.000,Ticona Polymers Inc,True,august_generator2026.xlsx,https://www.eia.gov/electricity/data/eia860m/xls/august_generator2026.xlsx,2026-10-07T17:51:42+00:00
50026,Corpus Refinery,Nueces,TX,27.832,-97.528,1,47.000,32.000,41.000,Natural Gas Fired Combustion Turbine,0.000,32.000,0.000,Flint Hills Resources Corpus Christi LLC,True,august_generator2026.xlsx,https://www.eia.gov/electricity/data/eia860m/xls/august_generator2026.xlsx,2026-10-07T17:51:42+00:00
69279,NEWPP,Harris,TX,29.934,-95.200,1,30.000,30.000,30.000,Natural Gas Internal Combustion Engine,0.000,0.000,0.000,"Generate ER-NG, LLC",True,august_generator2026.xlsx,https://www.eia.gov/electricity/data/eia860m/xls/august_generator2026.xlsx,2026-10-07T17:51:42+00:00
3561,Bryan (TX),Brazos,TX,30.647,-96.372,1,22.000,21.000,21.000,Natural Gas Fired Combustion Turbine,0.000,21.000,0.000,City of Bryan - (TX),True,august_generator2026.xlsx,https://www.eia.gov/electricity/data/eia860m/xls/august_generator2026.xlsx,2026-10-07T17:51:42+00:00
10261,Enterprise Products Operating,Chambers,TX,29.825,-94.920,6,20.700,18.000,16.800,Natural Gas Fired Combustion Turbine,0.000,18.000,0.000,Enterprise Products Optg LP,True,august_generator2026.xlsx,https://www.eia.gov/electricity/data/eia860m/xls/august_generator2026.xlsx,2026-10-07T17:51:42+00:00
66567,HEBHoustonDistributionCenter,Harris,TX,29.840,-95.537,32,12.800,12.800,12.800,Natural Gas Internal Combustion Engine,0.000,0.000,0.000,"Texas Microgrid, LLC",True,august_generator2026.xlsx,https://www.eia.gov/electricity/data/eia860m/xls/august_generator2026.xlsx,2026-10-07T17:51:42+00:00
57322,Mont Belvieu Cogeneration Unit,Chambers,TX,29.838,-94.901,1,15.000,12.300,15.000,Natural Gas Fired Combustion Turbine,0.000,12.300,0.000,Targa Co-Generation LLC,True,august_generator2026.xlsx,https://www.eia.gov/electricity/data/eia860m/xls/august_generator2026.xlsx,2026-10-07T17:51:42+00:00
66595,FTBLID2,Fort Bend,TX,29.575,-95.637,28,11.200,11.200,11.200,Natural Gas Internal Combustion Engine,0.000,0.000,0.000,"Generate ER-NG, LLC",True,august_generator2026.xlsx,https://www.eia.gov/electricity/data/eia860m/xls/august_generator2026.xlsx,2026-10-07T17:51:42+00:00
62762,NASA Johnson Space Center CHP,Harris,TX,29.562,-95.089,2,11.200,10.600,11.400,Natural Gas Fired Combustion Turbine,0.000,10.600,0.000,Energy Systems Group LLC,True,august_generator2026.xlsx,https://www.eia.gov/electricity/data/eia860m/xls/august_generator2026.xlsx,2026-10-07T17:51:42+00:00
55053,Bridgeport Gas Processing Plant,Wise,TX,33.196,-97.803,13,10.400,10.400,10.400,Natural Gas Internal Combustion Engine,0.000,0.000,0.000,"EnLink Midstream Services, LLC",True,august_generator2026.xlsx,https://www.eia.gov/electricity/data/eia860m/xls/august_generator2026.xlsx,2026-10-07T17:51:42+00:00
54520,Village Creek Water Reclamation Facility,Tarrant,TX,32.775,-97.142,4,12.400,10.200,12.400,Natural Gas Fired Combustion Turbine | Natural Gas Internal Combustion Engine,0.000,8.400,0.000,"Ft Worth, City of - (TX)",True,august_generator2026.xlsx,https://www.eia.gov/electricity/data/eia860m/xls/august_generator2026.xlsx,2026-10-07T17:51:42+00:00
69267,Cedarvale Gas,Ward,TX,31.515,-103.451,4,10.000,10.000,10.000,Natural Gas Internal Combustion Engine,0.000,0.000,0.000,"RPC Merchant, LLC",True,august_generator2026.xlsx,https://www.eia.gov/electricity/data/eia860m/xls/august_generator2026.xlsx,2026-10-07T17:51:42+00:00
69269,Pyote Gas,Ward,TX,31.453,-103.096,4,10.000,10.000,10.000,Natural Gas Internal Combustion Engine,0.000,0.000,0.000,"RPC Merchant, LLC",True,august_generator2026.xlsx,https://www.eia.gov/electricity/data/eia860m/xls/august_generator2026.xlsx,2026-10-07T17:51:42+00:00
67318,OTHERTexasA&M,Brazos,TX,30.642,-96.461,24,9.600,9.600,9.600,Natural Gas Internal Combustion Engine,0.000,0.000,0.000,"Texas Microgrid, LLC",True,august_generator2026.xlsx,https://www.eia.gov/electricity/data/eia860m/xls/august_generator2026.xlsx,2026-10-07T17:51:42+00:00
10184,Central Utility Plant,Travis,TX,30.397,-97.843,3,14.300,8.300,8.800,Natural Gas Internal Combustion Engine | Natural Gas Steam Turbine,0.000,0.000,2.200,"Silicon Hills Campus, LLC",True,august_generator2026.xlsx,https://www.eia.gov/electricity/data/eia860m/xls/august_generator2026.xlsx,2026-10-07T17:51:42+00:00
50054,Rice University,Harris,TX,29.721,-95.395,2,6.900,6.900,6.600,Natural Gas Fired Combustion Turbine,0.000,6.900,0.000,Rice University,True,august_generator2026.xlsx,https://www.eia.gov/electricity/data/eia860m/xls/august_generator2026.xlsx,2026-10-07T17:51:42+00:00
67317,HEBTEMDistCenter,Bell,TX,31.152,-97.361,16,6.400,6.400,6.400,Natural Gas Internal Combustion Engine,0.000,0.000,0.000,"Texas Microgrid, LLC",True,august_generator2026.xlsx,https://www.eia.gov/electricity/data/eia860m/xls/august_generator2026.xlsx,2026-10-07T17:51:42+00:00
68736,HEBTEMDistCenter2A,Bell,TX,31.152,-97.361,16,6.400,6.400,6.400,Natural Gas Internal Combustion Engine,0.000,0.000,0.000,"Texas Microgrid, LLC",True,august_generator2026.xlsx,https://www.eia.gov/electricity/data/eia860m/xls/august_generator2026.xlsx,2026-10-07T17:51:42+00:00
66613,HEB_CPSSADC,Bexar,TX,29.417,-98.361,16,6.400,6.400,6.400,Natural Gas Internal Combustion Engine,0.000,0.000,0.000,"Texas Microgrid, LLC",True,august_generator2026.xlsx,https://www.eia.gov/electricity/data/eia860m/xls/august_generator2026.xlsx,2026-10-07T17:51:42+00:00
69752,OTHERChildrensPlano,Collin,TX,33.079,-96.801,16,6.400,6.400,6.400,Natural Gas Internal Combustion Engine,0.000,0.000,0.000,"Generate ER-NG, LLC",True,august_generator2026.xlsx,https://www.eia.gov/electricity/data/eia860m/xls/august_generator2026.xlsx,2026-10-07T17:51:42+00:00
67308,AbbVie Waco,McLennan,TX,31.488,-97.201,14,5.600,5.600,5.600,Natural Gas Internal Combustion Engine,0.000,0.000,0.000,"Generate ER-NG, LLC",True,august_generator2026.xlsx,https://www.eia.gov/electricity/data/eia860m/xls/august_generator2026.xlsx,2026-10-07T17:51:42+00:00
56374,Robert Mueller Energy Center,Travis,TX,30.305,-97.708,1,4.600,3.700,4.600,Natural Gas Fired Combustion Turbine,0.000,3.700,0.000,Austin Energy,True,august_generator2026.xlsx,https://www.eia.gov/electricity/data/eia860m/xls/august_generator2026.xlsx,2026-10-07T17:51:42+00:00
54330,Westhollow Technology Center,Harris,TX,29.726,-95.638,1,3.700,3.700,3.700,Natural Gas Fired Combustion Turbine,0.000,3.700,0.000,Shell Chemical LP,True,august_generator2026.xlsx,https://www.eia.gov/electricity/data/eia860m/xls/august_generator2026.xlsx,2026-10-07T17:51:42+00:00
66565,HEBCCBakery,Nueces,TX,27.786,-97.462,8,3.200,3.200,3.200,Natural Gas Internal Combustion Engine,0.000,0.000,0.000,"Texas Microgrid, LLC",True,august_generator2026.xlsx,https://www.eia.gov/electricity/data/eia860m/xls/august_generator2026.xlsx,2026-10-07T17:51:42+00:00
66597,RavenChem,Harris,TX,29.821,-94.914,8,3.200,3.200,3.200,Natural Gas Internal Combustion Engine,0.000,0.000,0.000,"Generate ER-NG, LLC",True,august_generator2026.xlsx,https://www.eia.gov/electricity/data/eia860m/xls/august_generator2026.xlsx,2026-10-07T17:51:42+00:00
59381,"The Methodist Hospital, Gas Turbine",Harris,TX,29.709,-95.400,1,5.000,3.000,4.000,Natural Gas Fired Combustion Turbine,0.000,3.000,0.000,The Methodist Hospital,True,august_generator2026.xlsx,https://www.eia.gov/electricity/data/eia860m/xls/august_generator2026.xlsx,2026-10-07T17:51:42+00:00
66614,OTHERCitizensHospital,Victoria,TX,28.813,-96.978,7,2.800,2.800,2.800,Natural Gas Internal Combustion Engine,0.000,0.000,0.000,"Texas Microgrid, LLC",True,august_generator2026.xlsx,https://www.eia.gov/electricity/data/eia860m/xls/august_generator2026.xlsx,2026-10-07T17:51:42+00:00
67316,OTHERNFBWA,Fort Bend,TX,29.706,-95.619,6,2.400,2.400,2.400,Natural Gas Internal Combustion Engine,0.000,0.000,0.000,"Texas Microgrid, LLC",True,august_generator2026.xlsx,https://www.eia.gov/electricity/data/eia860m/xls/august_generator2026.xlsx,2026-10-07T17:51:42+00:00
55052,Jameson Gas Processing Plant,Coke,TX,32.050,-100.692,4,1.800,1.800,1.800,Natural Gas Internal Combustion Engine,0.000,0.000,0.000,"WTG Jameson, L.P.",True,august_generator2026.xlsx,https://www.eia.gov/electricity/data/eia860m/xls/august_generator2026.xlsx,2026-10-07T17:51:42+00:00
66561,BUC00040,Fort Bend,TX,29.788,-95.799,4,1.600,1.600,1.600,Natural Gas Internal Combustion Engine,0.000,0.000,0.000,"Texas Microgrid, LLC",True,august_generator2026.xlsx,https://www.eia.gov/electricity/data/eia860m/xls/august_generator2026.xlsx,2026-10-07T17:51:42+00:00
66549,HEB00063,Brazoria,TX,29.560,-95.390,4,1.600,1.600,1.600,Natural Gas Internal Combustion Engine,0.000,0.000,0.000,"Texas Microgrid, LLC",True,august_generator2026.xlsx,https://www.eia.gov/electricity/data/eia860m/xls/august_generator2026.xlsx,2026-10-07T17:51:42+00:00
66550,HEB00069,Nueces,TX,27.695,-97.263,4,1.600,1.600,1.600,Natural Gas Internal Combustion Engine,0.000,0.000,0.000,"Texas Microgrid, LLC",True,august_generator2026.xlsx,https://www.eia.gov/electricity/data/eia860m/xls/august_generator2026.xlsx,2026-10-07T17:51:42+00:00
66563,HEB00092,Victoria,TX,28.852,-96.997,4,1.600,1.600,1.600,Natural Gas Internal Combustion Engine,0.000,0.000,0.000,"Texas Microgrid, LLC",True,august_generator2026.xlsx,https://www.eia.gov/electricity/data/eia860m/xls/august_generator2026.xlsx,2026-10-07T17:51:42+00:00
66564,HEB00095,Webb,TX,27.607,-99.474,4,1.600,1.600,1.600,Natural Gas Internal Combustion Engine,0.000,0.000,0.000,"Texas Microgrid, LLC",True,august_generator2026.xlsx,https://www.eia.gov/electricity/data/eia860m/xls/august_generator2026.xlsx,2026-10-07T17:51:42+00:00
66562,HEB00591,Williamson,TX,30.519,-97.659,4,1.600,1.600,1.600,Natural Gas Internal Combustion Engine,0.000,0.000,0.000,"Texas Microgrid, LLC",True,august_generator2026.xlsx,https://www.eia.gov/electricity/data/eia860m/xls/august_generator2026.xlsx,2026-10-07T17:51:42+00:00
66566,HEBSnackPlant,Harris,TX,29.844,-95.541,4,1.600,1.600,1.600,Natural Gas Internal Combustion Engine,0.000,0.000,0.000,"Texas Microgrid, LLC",True,august_generator2026.xlsx,https://www.eia.gov/electricity/data/eia860m/xls/august_generator2026.xlsx,2026-10-07T17:51:42+00:00
66612,HEB_CPS00085,Bexar,TX,29.434,-98.703,4,1.600,1.600,1.600,Natural Gas Internal Combustion Engine,0.000,0.000,0.000,"Texas Microgrid, LLC",True,august_generator2026.xlsx,https://www.eia.gov/electricity/data/eia860m/xls/august_generator2026.xlsx,2026-10-07T17:51:42+00:00
67309,OTHERBenEKDallas,Dallas,TX,32.818,-96.853,4,1.600,1.600,1.600,Natural Gas Internal Combustion Engine,0.000,0.000,0.000,"Generate ER-NG, LLC",True,august_generator2026.xlsx,https://www.eia.gov/electricity/data/eia860m/xls/august_generator2026.xlsx,2026-10-07T17:51:42+00:00
64926,WAL3510,Brazoria,TX,29.546,-95.236,1,1.300,1.300,1.300,Natural Gas Internal Combustion Engine,0.000,0.000,0.000,"Walmart Stores Texas, LLC",True,august_generator2026.xlsx,https://www.eia.gov/electricity/data/eia860m/xls/august_generator2026.xlsx,2026-10-07T17:51:42+00:00
64934,WAL3572,Brazoria,TX,29.558,-95.383,1,1.300,1.300,1.300,Natural Gas Internal Combustion Engine,0.000,0.000,0.000,"Walmart Stores Texas, LLC",True,august_generator2026.xlsx,https://www.eia.gov/electricity/data/eia860m/xls/august_generator2026.xlsx,2026-10-07T17:51:42+00:00
64791,WAL462,Brazoria,TX,29.422,-95.231,1,1.300,1.300,1.300,Natural Gas Internal Combustion Engine,0.000,0.000,0.000,"Walmart Stores Texas, LLC",True,august_generator2026.xlsx,https://www.eia.gov/electricity/data/eia860m/xls/august_generator2026.xlsx,2026-10-07T17:51:42+00:00
64794,WAL529,Galveston,TX,29.372,-95.000,1,1.300,1.300,1.300,Natural Gas Internal Combustion Engine,0.000,0.000,0.000,"Walmart Stores Texas, LLC",True,august_generator2026.xlsx,https://www.eia.gov/electricity/data/eia860m/xls/august_generator2026.xlsx,2026-10-07T17:51:42+00:00
64957,WAL5388,Galveston,TX,29.470,-95.090,1,1.300,1.300,1.300,Natural Gas Internal Combustion Engine,0.000,0.000,0.000,"Walmart Stores Texas, LLC",True,august_generator2026.xlsx,https://www.eia.gov/electricity/data/eia860m/xls/august_generator2026.xlsx,2026-10-07T17:51:42+00:00
64808,WAL897,Pecos,TX,30.896,-102.907,1,1.300,1.300,1.300,Natural Gas Internal Combustion Engine,0.000,0.000,0.000,"Walmart Stores Texas, LLC",True,august_generator2026.xlsx,https://www.eia.gov/electricity/data/eia860m/xls/august_generator2026.xlsx,2026-10-07T17:51:42+00:00
65261,HEB00020,Harris,TX,29.993,-95.744,3,1.200,1.200,1.200,Natural Gas Internal Combustion Engine,0.000,0.000,0.000,"Texas Microgrid, LLC",True,august_generator2026.xlsx,https://www.eia.gov/electricity/data/eia860m/xls/august_generator2026.xlsx,2026-10-07T17:51:42+00:00
65262,HEB00028,Galveston,TX,29.466,-95.095,3,1.200,1.200,1.200,Natural Gas Internal Combustion Engine,0.000,0.000,0.000,"Texas Microgrid, LLC",True,august_generator2026.xlsx,https://www.eia.gov/electricity/data/eia860m/xls/august_generator2026.xlsx,2026-10-07T17:51:42+00:00
65263,HEB00038,Hidalgo,TX,26.203,-98.165,3,1.200,1.200,1.200,Natural Gas Internal Combustion Engine,0.000,0.000,0.000,"Texas Microgrid, LLC",True,august_generator2026.xlsx,https://www.eia.gov/electricity/data/eia860m/xls/august_generator2026.xlsx,2026-10-07T17:51:42+00:00
66593,HEB00048,Jefferson,TX,30.106,-94.170,3,1.200,1.200,1.200,Natural Gas Internal Combustion Engine,0.000,0.000,0.000,Entergy Texas Inc.,True,august_generator2026.xlsx,https://www.eia.gov/electricity/data/eia860m/xls/august_generator2026.xlsx,2026-10-07T17:51:42+00:00
65264,HEB00054,Harris,TX,29.602,-95.250,3,1.200,1.200,1.200,Natural Gas Internal Combustion Engine,0.000,0.000,0.000,"Texas Microgrid, LLC",True,august_generator2026.xlsx,https://www.eia.gov/electricity/data/eia860m/xls/august_generator2026.xlsx,2026-10-07T17:51:42+00:00
67310,HEB00055,Tarrant,TX,32.939,-97.131,3,1.200,1.200,1.200,Natural Gas Internal Combustion Engine,0.000,0.000,0.000,"Generate ER-NG, LLC",True,august_generator2026.xlsx,https://www.eia.gov/electricity/data/eia860m/xls/august_generator2026.xlsx,2026-10-07T17:51:42+00:00
65265,HEB00057,Nueces,TX,27.665,-97.281,3,1.200,1.200,1.200,Natural Gas Internal Combustion Engine,0.000,0.000,0.000,"Texas Microgrid, LLC",True,august_generator2026.xlsx,https://www.eia.gov/electricity/data/eia860m/xls/august_generator2026.xlsx,2026-10-07T17:51:42+00:00
65266,HEB00070,Taylor,TX,32.433,-99.758,3,1.200,1.200,1.200,Natural Gas Internal Combustion Engine,0.000,0.000,0.000,"Texas Microgrid, LLC",True,august_generator2026.xlsx,https://www.eia.gov/electricity/data/eia860m/xls/august_generator2026.xlsx,2026-10-07T17:51:42+00:00
65267,HEB00099,Harris,TX,29.995,-95.577,3,1.200,1.200,1.200,Natural Gas Internal Combustion Engine,0.000,0.000,0.000,"Texas Microgrid, LLC",True,august_generator2026.xlsx,https://www.eia.gov/electricity/data/eia860m/xls/august_generator2026.xlsx,2026-10-07T17:51:42+00:00
65268,HEB00109,Harris,TX,29.786,-95.539,3,1.200,1.200,1.200,Natural Gas Internal Combustion Engine,0.000,0.000,0.000,"Texas Microgrid, LLC",True,august_generator2026.xlsx,https://www.eia.gov/electricity/data/eia860m/xls/august_generator2026.xlsx,2026-10-07T17:51:42+00:00
65269,HEB00110,Fort Bend,TX,29.537,-95.536,3,1.200,1.200,1.200,Natural Gas Internal Combustion Engine,0.000,0.000,0.000,"Texas Microgrid, LLC",True,august_generator2026.xlsx,https://www.eia.gov/electricity/data/eia860m/xls/august_generator2026.xlsx,2026-10-07T17:51:42+00:00
65274,HEB00182,Bell,TX,31.072,-97.371,3,1.200,1.200,1.200,Natural Gas Internal Combustion Engine,0.000,0.000,0.000,"Texas Microgrid, LLC",True,august_generator2026.xlsx,https://www.eia.gov/electricity/data/eia860m/xls/august_generator2026.xlsx,2026-10-07T17:51:42+00:00
65026,HEB00292,Matagorda,TX,28.982,-95.958,3,1.200,1.200,1.200,Natural Gas Internal Combustion Engine,0.000,0.000,0.000,"Texas Microgrid, LLC",True,august_generator2026.xlsx,https://www.eia.gov/electricity/data/eia860m/xls/august_generator2026.xlsx,2026-10-07T17:51:42+00:00
66594,HEB00594,Montgomery,TX,30.179,-95.538,3,1.200,1.200,1.200,Natural Gas Internal Combustion Engine,0.000,0.000,0.000,Entergy Texas Inc.,True,august_generator2026.xlsx,https://www.eia.gov/electricity/data/eia860m/xls/august_generator2026.xlsx,2026-10-07T17:51:42+00:00
68730,HEB00750,Tarrant,TX,32.567,-97.115,3,1.200,1.200,1.200,Natural Gas Internal Combustion Engine,0.000,0.000,0.000,"Generate ER-NG, LLC",True,august_generator2026.xlsx,https://www.eia.gov/electricity/data/eia860m/xls/august_generator2026.xlsx,2026-10-07T17:51:42+00:00
67311,HEB00760,Brazoria,TX,29.488,-95.405,3,1.200,1.200,1.200,Natural Gas Internal Combustion Engine,0.000,0.000,0.000,"Generate ER-NG, LLC",True,august_generator2026.xlsx,https://www.eia.gov/electricity/data/eia860m/xls/august_generator2026.xlsx,2026-10-07T17:51:42+00:00
67434,HEB00767,Montgomery,TX,30.221,-95.682,3,1.200,1.200,1.200,Natural Gas Internal Combustion Engine,0.000,0.000,0.000,"Generate ER-NG, LLC",True,august_generator2026.xlsx,https://www.eia.gov/electricity/data/eia860m/xls/august_generator2026.xlsx,2026-10-07T17:51:42+00:00
67319,HEB00769,Harris,TX,29.554,-95.151,3,1.200,1.200,1.200,Natural Gas Internal Combustion Engine,0.000,0.000,0.000,"Texas Microgrid, LLC",True,august_generator2026.xlsx,https://www.eia.gov/electricity/data/eia860m/xls/august_generator2026.xlsx,2026-10-07T17:51:42+00:00
67312,HEB00776,Harris,TX,29.804,-95.761,3,1.200,1.200,1.200,Natural Gas Internal Combustion Engine,0.000,0.000,0.000,"Generate ER-NG, LLC",True,august_generator2026.xlsx,https://www.eia.gov/electricity/data/eia860m/xls/august_generator2026.xlsx,2026-10-07T17:51:42+00:00
68731,HEB00779,Harris,TX,29.682,-95.354,3,1.200,1.200,1.200,Natural Gas Internal Combustion Engine,0.000,0.000,0.000,"Generate ER-NG, LLC",True,august_generator2026.xlsx,https://www.eia.gov/electricity/data/eia860m/xls/august_generator2026.xlsx,2026-10-07T17:51:42+00:00
67313,HEB00789,Denton,TX,33.155,-96.846,3,1.200,1.200,1.200,Natural Gas Internal Combustion Engine,0.000,0.000,0.000,"Generate ER-NG, LLC",True,august_generator2026.xlsx,https://www.eia.gov/electricity/data/eia860m/xls/august_generator2026.xlsx,2026-10-07T17:51:42+00:00
67314,HEB00790,Collin,TX,33.055,-96.797,3,1.200,1.200,1.200,Natural Gas Internal Combustion Engine,0.000,0.000,0.000,"Generate ER-NG, LLC",True,august_generator2026.xlsx,https://www.eia.gov/electricity/data/eia860m/xls/august_generator2026.xlsx,2026-10-07T17:51:42+00:00
67433,HEB00794,Collin,TX,33.176,-96.728,3,1.200,1.200,1.200,Natural Gas Internal Combustion Engine,0.000,0.000,0.000,"Generate ER-NG, LLC",True,august_generator2026.xlsx,https://www.eia.gov/electricity/data/eia860m/xls/august_generator2026.xlsx,2026-10-07T17:51:42+00:00
67315,HEB00796,Collin,TX,33.117,-96.653,3,1.200,1.200,1.200,Natural Gas Internal Combustion Engine,0.000,0.000,0.000,"Generate ER-NG, LLC",True,august_generator2026.xlsx,https://www.eia.gov/electricity/data/eia860m/xls/august_generator2026.xlsx,2026-10-07T17:51:42+00:00
68732,HEB00797,Harris,TX,29.817,-95.804,3,1.200,1.200,1.200,Natural Gas Internal Combustion Engine,0.000,0.000,0.000,"Generate ER-NG, LLC",True,august_generator2026.xlsx,https://www.eia.gov/electricity/data/eia860m/xls/august_generator2026.xlsx,2026-10-07T17:51:42+00:00
68733,HEB00798,Harris,TX,29.957,-95.207,3,1.200,1.200,1.200,Natural Gas Internal Combustion Engine,0.000,0.000,0.000,"Generate ER-NG, LLC",True,august_generator2026.xlsx,https://www.eia.gov/electricity/data/eia860m/xls/august_generator2026.xlsx,2026-10-07T17:51:42+00:00
68734,HEB00801,Tarrant,TX,32.915,-97.309,3,1.200,1.200,1.200,Natural Gas Internal Combustion Engine,0.000,0.000,0.000,"Generate ER-NG, LLC",True,august_generator2026.xlsx,https://www.eia.gov/electricity/data/eia860m/xls/august_generator2026.xlsx,2026-10-07T17:51:42+00:00
69751,HEB_CPS00793,Bexar,TX,29.734,-98.680,3,1.200,1.200,1.200,Natural Gas Internal Combustion Engine,0.000,0.000,0.000,"Texas Microgrid, LLC",True,august_generator2026.xlsx,https://www.eia.gov/electricity/data/eia860m/xls/august_generator2026.xlsx,2026-10-07T17:51:42+00:00
68737,OTHERTraditionBuffalo,Harris,TX,29.685,-95.427,3,1.200,1.200,1.200,Natural Gas Internal Combustion Engine,0.000,0.000,0.000,"Texas Microgrid, LLC",True,august_generator2026.xlsx,https://www.eia.gov/electricity/data/eia860m/xls/august_generator2026.xlsx,2026-10-07T17:51:42+00:00
67381,OTHERTraditionClearfork,Tarrant,TX,32.707,-97.408,3,1.200,1.200,1.200,Natural Gas Internal Combustion Engine,0.000,0.000,0.000,"Texas Microgrid, LLC",True,august_generator2026.xlsx,https://www.eia.gov/electricity/data/eia860m/xls/august_generator2026.xlsx,2026-10-07T17:51:42+00:00
66596,Praxair,Brazoria,TX,29.005,-95.388,3,1.200,1.200,1.200,Natural Gas Internal Combustion Engine,0.000,0.000,0.000,"Generate ER-NG, LLC",True,august_generator2026.xlsx,https://www.eia.gov/electricity/data/eia860m/xls/august_generator2026.xlsx,2026-10-07T17:51:42+00:00
64813,WAL1040,Harris,TX,29.878,-95.651,3,1.200,1.200,1.200,Natural Gas Internal Combustion Engine,0.000,0.000,0.000,"Walmart Stores Texas, LLC",True,august_generator2026.xlsx,https://www.eia.gov/electricity/data/eia860m/xls/august_generator2026.xlsx,2026-10-07T17:51:42+00:00
64814,WAL1062,Harris,TX,29.552,-95.159,3,1.200,1.200,1.200,Natural Gas Internal Combustion Engine,0.000,0.000,0.000,"Walmart Stores Texas, LLC",True,august_generator2026.xlsx,https://www.eia.gov/electricity/data/eia860m/xls/august_generator2026.xlsx,2026-10-07T17:51:42+00:00
64815,WAL1103,Harris,TX,29.998,-95.486,3,1.200,1.200,1.200,Natural Gas Internal Combustion Engine,0.000,0.000,0.000,"Walmart Stores Texas, LLC",True,august_generator2026.xlsx,https://www.eia.gov/electricity/data/eia860m/xls/august_generator2026.xlsx,2026-10-07T17:51:42+00:00
64816,WAL1232,Bell,TX,31.081,-97.458,3,1.200,1.200,1.200,Natural Gas Internal Combustion Engine,0.000,0.000,0.000,"Walmart Stores Texas, LLC",True,august_generator2026.xlsx,https://www.eia.gov/electricity/data/eia860m/xls/august_generator2026.xlsx,2026-10-07T17:51:42+00:00
64829,WAL1272,Scurry,TX,32.691,-100.918,3,1.200,1.200,1.200,Natural Gas Internal Combustion Engine,0.000,0.000,0.000,"Walmart Stores Texas, LLC",True,august_generator2026.xlsx,https://www.eia.gov/electricity/data/eia860m/xls/august_generator2026.xlsx,2026-10-07T17:51:42+00:00
64883,WAL1455,Tarrant,TX,32.764,-97.169,3,1.200,1.200,1.200,Natural Gas Internal Combustion Engine,0.000,0.000,0.000,"Walmart Stores Texas, LLC",True,august_generator2026.xlsx,https://www.eia.gov/electricity/data/eia860m/xls/august_generator2026.xlsx,2026-10-07T17:51:42+00:00
64884,WAL1801,Tarrant,TX,32.669,-97.132,3,1.200,1.200,1.200,Natural Gas Internal Combustion Engine,0.000,0.000,0.000,"Walmart Stores Texas, LLC",True,august_generator2026.xlsx,https://www.eia.gov/electricity/data/eia860m/xls/august_generator2026.xlsx,2026-10-07T17:51:42+00:00
64769,WAL194,Harris,TX,29.776,-94.974,3,1.200,1.200,1.200,Natural Gas Internal Combustion Engine,0.000,0.000,0.000,"Walmart Stores Texas, LLC",True,august_generator2026.xlsx,https://www.eia.gov/electricity/data/eia860m/xls/august_generator2026.xlsx,2026-10-07T17:51:42+00:00
64885,WAL2257,Harris,TX,29.854,-95.509,3,1.200,1.200,1.200,Natural Gas Internal Combustion Engine,0.000,0.000,0.000,"Walmart Stores Texas, LLC",True,august_generator2026.xlsx,https://www.eia.gov/electricity/data/eia860m/xls/august_generator2026.xlsx,2026-10-07T17:51:42+00:00
64886,WAL2439,Chambers,TX,29.818,-94.900,3,1.200,1.200,1.200,Natural Gas Internal Combustion Engine,0.000,0.000,0.000,"Walmart Stores Texas, LLC",True,august_generator2026.xlsx,https://www.eia.gov/electricity/data/eia860m/xls/august_generator2026.xlsx,2026-10-07T17:51:42+00:00
64771,WAL266,Tarrant,TX,32.922,-97.082,3,1.200,1.200,1.200,Natural Gas Internal Combustion Engine,0.000,0.000,0.000,"Walmart Stores Texas, LLC",True,august_generator2026.xlsx,https://www.eia.gov/electricity/data/eia860m/xls/august_generator2026.xlsx,2026-10-07T17:51:42+00:00
64887,WAL2667,Dallas,TX,32.794,-96.690,3,1.200,1.200,1.200,Natural Gas Internal Combustion Engine,0.000,0.000,0.000,"Walmart Stores Texas, LLC",True,august_generator2026.xlsx,https://www.eia.gov/electricity/data/eia860m/xls/august_generator2026.xlsx,2026-10-07T17:51:42+00:00
64888,WAL2724,Harris,TX,29.693,-95.210,3,1.200,1.200,1.200,Natural Gas Internal Combustion Engine,0.000,0.000,0.000,"Walmart Stores Texas, LLC",True,august_generator2026.xlsx,https://www.eia.gov/electricity/data/eia860m/xls/august_generator2026.xlsx,2026-10-07T17:51:42+00:00
64772,WAL284,Tarrant,TX,32.576,-97.130,3,1.200,1.200,1.200,Natural Gas Internal Combustion Engine,0.000,0.000,0.000,"Walmart Stores Texas, LLC",True,august_generator2026.xlsx,https://www.eia.gov/electricity/data/eia860m/xls/august_generator2026.xlsx,2026-10-07T17:51:42+00:00
64889,WAL2883,Collin,TX,33.097,-96.799,3,1.200,1.200,1.200,Natural Gas Internal Combustion Engine,0.000,0.000,0.000,"Walmart Stores Texas, LLC",True,august_generator2026.xlsx,https://www.eia.gov/electricity/data/eia860m/xls/august_generator2026.xlsx,2026-10-07T17:51:42+00:00
64890,WAL2980,Tarrant,TX,32.895,-97.287,3,1.200,1.200,1.200,Natural Gas Internal Combustion Engine,0.000,0.000,0.000,"Walmart Stores Texas, LLC",True,august_generator2026.xlsx,https://www.eia.gov/electricity/data/eia860m/xls/august_generator2026.xlsx,2026-10-07T17:51:42+00:00
64891,WAL2993,Fort Bend,TX,29.614,-95.645,3,1.200,1.200,1.200,Natural Gas Internal Combustion Engine,0.000,0.000,0.000,"Walmart Stores Texas, LLC",True,august_generator2026.xlsx,https://www.eia.gov/electricity/data/eia860m/xls/august_generator2026.xlsx,2026-10-07T17:51:42+00:00
64893,WAL3224,Dallas,TX,32.842,-96.598,3,1.200,1.200,1.200,Natural Gas Internal Combustion Engine,0.000,0.000,0.000,"Walmart Stores Texas, LLC",True,august_generator2026.xlsx,https://www.eia.gov/electricity/data/eia860m/xls/august_generator2026.xlsx,2026-10-07T17:51:42+00:00
64895,WAL3226,Fort Bend,TX,29.784,-95.804,3,1.200,1.200,1.200,Natural Gas Internal Combustion Engine,0.000,0.000,0.000,"Walmart Stores Texas, LLC",True,august_generator2026.xlsx,https://www.eia.gov/electricity/data/eia860m/xls/august_generator2026.xlsx,2026-10-07T17:51:42+00:00
64896,WAL3284,Tarrant,TX,32.667,-97.209,3,1.200,1.200,1.200,Natural Gas Internal Combustion Engine,0.000,0.000,0.000,"Walmart Stores Texas, LLC",True,august_generator2026.xlsx,https://www.eia.gov/electricity/data/eia860m/xls/august_generator2026.xlsx,2026-10-07T17:51:42+00:00
64897,WAL3285,Dallas,TX,32.597,-96.947,3,1.200,1.200,1.200,Natural Gas Internal Combustion Engine,0.000,0.000,0.000,"Walmart Stores Texas, LLC",True,august_generator2026.xlsx,https://www.eia.gov/electricity/data/eia860m/xls/august_generator2026.xlsx,2026-10-07T17:51:42+00:00
64898,WAL3297,Harris,TX,29.921,-95.603,3,1.200,1.200,1.200,Natural Gas Internal Combustion Engine,0.000,0.000,0.000,"Walmart Stores Texas, LLC",True,august_generator2026.xlsx,https://www.eia.gov/electricity/data/eia860m/xls/august_generator2026.xlsx,2026-10-07T17:51:42+00:00
64899,WAL3298,Galveston,TX,29.535,-95.019,3,1.200,1.200,1.200,Natural Gas Internal Combustion Engine,0.000,0.000,0.000,"Walmart Stores Texas, LLC",True,august_generator2026.xlsx,https://www.eia.gov/electricity/data/eia860m/xls/august_generator2026.xlsx,2026-10-07T17:51:42+00:00
64900,WAL3302,Harris,TX,29.679,-95.561,3,1.200,1.200,1.200,Natural Gas Internal Combustion Engine,0.000,0.000,0.000,"Walmart Stores Texas, LLC",True,august_generator2026.xlsx,https://www.eia.gov/electricity/data/eia860m/xls/august_generator2026.xlsx,2026-10-07T17:51:42+00:00
64901,WAL3320,Hidalgo,TX,26.261,-98.316,3,1.200,1.200,1.200,Natural Gas Internal Combustion Engine,0.000,0.000,0.000,"Walmart Stores Texas, LLC",True,august_generator2026.xlsx,https://www.eia.gov/electricity/data/eia860m/xls/august_generator2026.xlsx,2026-10-07T17:51:42+00:00
64902,WAL3390,Montgomery,TX,30.190,-95.589,3,1.200,1.200,1.200,Natural Gas Internal Combustion Engine,0.000,0.000,0.000,"Walmart Stores Texas, LLC",True,august_generator2026.xlsx,https://www.eia.gov/electricity/data/eia860m/xls/august_generator2026.xlsx,2026-10-07T17:51:42+00:00
64922,WAL3406,Dallas,TX,32.959,-96.817,3,1.200,1.200,1.200,Natural Gas Internal Combustion Engine,0.000,0.000,0.000,"Walmart Stores Texas, LLC",True,august_generator2026.xlsx,https://www.eia.gov/electricity/data/eia860m/xls/august_generator2026.xlsx,2026-10-07T17:51:42+00:00
64923,WAL3425,Harris,TX,29.630,-95.237,3,1.200,1.200,1.200,Natural Gas Internal Combustion Engine,0.000,0.000,0.000,"Walmart Stores Texas, LLC",True,august_generator2026.xlsx,https://www.eia.gov/electricity/data/eia860m/xls/august_generator2026.xlsx,2026-10-07T17:51:42+00:00
64924,WAL3432,Dallas,TX,32.593,-96.880,3,1.200,1.200,1.200,Natural Gas Internal Combustion Engine,0.000,0.000,0.000,"Walmart Stores Texas, LLC",True,august_generator2026.xlsx,https://www.eia.gov/electricity/data/eia860m/xls/august_generator2026.xlsx,2026-10-07T17:51:42+00:00
64925,WAL3500,Harris,TX,29.806,-95.165,3,1.200,1.200,1.200,Natural Gas Internal Combustion Engine,0.000,0.000,0.000,"Walmart Stores Texas, LLC",True,august_generator2026.xlsx,https://www.eia.gov/electricity/data/eia860m/xls/august_generator2026.xlsx,2026-10-07T17:51:42+00:00
64933,WAL3518,Webb,TX,27.613,-99.472,3,1.200,1.200,1.200,Natural Gas Internal Combustion Engine,0.000,0.000,0.000,"Walmart Stores Texas, LLC",True,august_generator2026.xlsx,https://www.eia.gov/electricity/data/eia860m/xls/august_generator2026.xlsx,2026-10-07T17:51:42+00:00
64935,WAL3584,Harris,TX,29.724,-95.465,3,1.200,1.200,1.200,Natural Gas Internal Combustion Engine,0.000,0.000,0.000,"Walmart Stores Texas, LLC",True,august_generator2026.xlsx,https://www.eia.gov/electricity/data/eia860m/xls/august_generator2026.xlsx,2026-10-07T17:51:42+00:00
64936,WAL3631,Tarrant,TX,32.577,-97.339,3,1.200,1.200,1.200,Natural Gas Internal Combustion Engine,0.000,0.000,0.000,"Walmart Stores Texas, LLC",True,august_generator2026.xlsx,https://www.eia.gov/electricity/data/eia860m/xls/august_generator2026.xlsx,2026-10-07T17:51:42+00:00
64937,WAL3773,Tarrant,TX,32.765,-97.484,3,1.200,1.200,1.200,Natural Gas Internal Combustion Engine,0.000,0.000,0.000,"Walmart Stores Texas, LLC",True,august_generator2026.xlsx,https://www.eia.gov/electricity/data/eia860m/xls/august_generator2026.xlsx,2026-10-07T17:51:42+00:00
64939,WAL3827,Fort Bend,TX,29.690,-95.775,3,1.200,1.200,1.200,Natural Gas Internal Combustion Engine,0.000,0.000,0.000,"Walmart Stores Texas, LLC",True,august_generator2026.xlsx,https://www.eia.gov/electricity/data/eia860m/xls/august_generator2026.xlsx,2026-10-07T17:51:42+00:00
64940,WAL3886,Hidalgo,TX,26.268,-98.205,3,1.200,1.200,1.200,Natural Gas Internal Combustion Engine,0.000,0.000,0.000,"Walmart Stores Texas, LLC",True,august_generator2026.xlsx,https://www.eia.gov/electricity/data/eia860m/xls/august_generator2026.xlsx,2026-10-07T17:51:42+00:00
64773,WAL407,Bell,TX,31.090,-97.729,3,1.200,1.200,1.200,Natural Gas Internal Combustion Engine,0.000,0.000,0.000,"Walmart Stores Texas, LLC",True,august_generator2026.xlsx,https://www.eia.gov/electricity/data/eia860m/xls/august_generator2026.xlsx,2026-10-07T17:51:42+00:00
64774,WAL414,Wichita,TX,33.857,-98.499,3,1.200,1.200,1.200,Natural Gas Internal Combustion Engine,0.000,0.000,0.000,"Walmart Stores Texas, LLC",True,august_generator2026.xlsx,https://www.eia.gov/electricity/data/eia860m/xls/august_generator2026.xlsx,2026-10-07T17:51:42+00:00
64942,WAL4298,Harris,TX,29.936,-95.253,3,1.200,1.200,1.200,Natural Gas Internal Combustion Engine,0.000,0.000,0.000,"Walmart Stores Texas, LLC",True,august_generator2026.xlsx,https://www.eia.gov/electricity/data/eia860m/xls/august_generator2026.xlsx,2026-10-07T17:51:42+00:00
64775,WAL447,Val Verde,TX,29.396,-100.901,3,1.200,1.200,1.200,Natural Gas Internal Combustion Engine,0.000,0.000,0.000,"Walmart Stores Texas, LLC",True,august_generator2026.xlsx,https://www.eia.gov/electricity/data/eia860m/xls/august_generator2026.xlsx,2026-10-07T17:51:42+00:00
64943,WAL4509,Tarrant,TX,32.678,-97.468,3,1.200,1.200,1.200,Natural Gas Internal Combustion Engine,0.000,0.000,0.000,"Walmart Stores Texas, LLC",True,august_generator2026.xlsx,https://www.eia.gov/electricity/data/eia860m/xls/august_generator2026.xlsx,2026-10-07T17:51:42+00:00
64944,WAL4512,Harris,TX,29.818,-95.768,3,1.200,1.200,1.200,Natural Gas Internal Combustion Engine,0.000,0.000,0.000,"Walmart Stores Texas, LLC",True,august_generator2026.xlsx,https://www.eia.gov/electricity/data/eia860m/xls/august_generator2026.xlsx,2026-10-07T17:51:42+00:00
64776,WAL452,Hidalgo,TX,26.244,-98.245,3,1.200,1.200,1.200,Natural Gas Internal Combustion Engine,0.000,0.000,0.000,"Walmart Stores Texas, LLC",True,august_generator2026.xlsx,https://www.eia.gov/electricity/data/eia860m/xls/august_generator2026.xlsx,2026-10-07T17:51:42+00:00
64945,WAL4526,Harris,TX,29.830,-95.377,3,1.200,1.200,1.200,Natural Gas Internal Combustion Engine,0.000,0.000,0.000,"Walmart Stores Texas, LLC",True,august_generator2026.xlsx,https://www.eia.gov/electricity/data/eia860m/xls/august_generator2026.xlsx,2026-10-07T17:51:42+00:00
64946,WAL4538,Harris,TX,29.804,-95.720,3,1.200,1.200,1.200,Natural Gas Internal Combustion Engine,0.000,0.000,0.000,"Walmart Stores Texas, LLC",True,august_generator2026.xlsx,https://www.eia.gov/electricity/data/eia860m/xls/august_generator2026.xlsx,2026-10-07T17:51:42+00:00
64777,WAL456,Cameron,TX,25.976,-97.519,3,1.200,1.200,1.200,Natural Gas Internal Combustion Engine,0.000,0.000,0.000,"Walmart Stores Texas, LLC",True,august_generator2026.xlsx,https://www.eia.gov/electricity/data/eia860m/xls/august_generator2026.xlsx,2026-10-07T17:51:42+00:00
64778,WAL461,Maverick,TX,28.702,-100.483,3,1.200,1.200,1.200,Natural Gas Internal Combustion Engine,0.000,0.000,0.000,"Walmart Stores Texas, LLC",True,august_generator2026.xlsx,https://www.eia.gov/electricity/data/eia860m/xls/august_generator2026.xlsx,2026-10-07T17:51:42+00:00
64792,WAL504,Galveston,TX,29.265,-94.833,3,1.200,1.200,1.200,Natural Gas Internal Combustion Engine,0.000,0.000,0.000,"Walmart Stores Texas, LLC",True,august_generator2026.xlsx,https://www.eia.gov/electricity/data/eia860m/xls/august_generator2026.xlsx,2026-10-07T17:51:42+00:00
64947,WAL5045,Harris,TX,30.014,-95.595,3,1.200,1.200,1.200,Natural Gas Internal Combustion Engine,0.000,0.000,0.000,"Walmart Stores Texas, LLC",True,august_generator2026.xlsx,https://www.eia.gov/electricity/data/eia860m/xls/august_generator2026.xlsx,2026-10-07T17:51:42+00:00
64948,WAL5080,Tarrant,TX,32.848,-97.184,3,1.200,1.200,1.200,Natural Gas Internal Combustion Engine,0.000,0.000,0.000,"Walmart Stores Texas, LLC",True,august_generator2026.xlsx,https://www.eia.gov/electricity/data/eia860m/xls/august_generator2026.xlsx,2026-10-07T17:51:42+00:00
64949,WAL5091,Harris,TX,29.976,-95.697,3,1.200,1.200,1.200,Natural Gas Internal Combustion Engine,0.000,0.000,0.000,"Walmart Stores Texas, LLC",True,august_generator2026.xlsx,https://www.eia.gov/electricity/data/eia860m/xls/august_generator2026.xlsx,2026-10-07T17:51:42+00:00
64950,WAL5116,Harris,TX,29.664,-95.098,3,1.200,1.200,1.200,Natural Gas Internal Combustion Engine,0.000,0.000,0.000,"Walmart Stores Texas, LLC",True,august_generator2026.xlsx,https://www.eia.gov/electricity/data/eia860m/xls/august_generator2026.xlsx,2026-10-07T17:51:42+00:00
64951,WAL5165,Hidalgo,TX,26.192,-98.128,3,1.200,1.200,1.200,Natural Gas Internal Combustion Engine,0.000,0.000,0.000,"Walmart Stores Texas, LLC",True,august_generator2026.xlsx,https://www.eia.gov/electricity/data/eia860m/xls/august_generator2026.xlsx,2026-10-07T17:51:42+00:00
64793,WAL522,Harris,TX,29.894,-95.065,3,1.200,1.200,1.200,Natural Gas Internal Combustion Engine,0.000,0.000,0.000,"Walmart Stores Texas, LLC",True,august_generator2026.xlsx,https://www.eia.gov/electricity/data/eia860m/xls/august_generator2026.xlsx,2026-10-07T17:51:42+00:00
64953,WAL5287,Harris,TX,30.077,-95.513,3,1.200,1.200,1.200,Natural Gas Internal Combustion Engine,0.000,0.000,0.000,"Walmart Stores Texas, LLC",True,august_generator2026.xlsx,https://www.eia.gov/electricity/data/eia860m/xls/august_generator2026.xlsx,2026-10-07T17:51:42+00:00
64955,WAL5312,Tarrant,TX,32.775,-97.292,3,1.200,1.200,1.200,Natural Gas Internal Combustion Engine,0.000,0.000,0.000,"Walmart Stores Texas, LLC",True,august_generator2026.xlsx,https://www.eia.gov/electricity/data/eia860m/xls/august_generator2026.xlsx,2026-10-07T17:51:42+00:00
64956,WAL5316,Tarrant,TX,32.882,-97.388,3,1.200,1.200,1.200,Natural Gas Internal Combustion Engine,0.000,0.000,0.000,"Walmart Stores Texas, LLC",True,august_generator2026.xlsx,https://www.eia.gov/electricity/data/eia860m/xls/august_generator2026.xlsx,2026-10-07T17:51:42+00:00
64795,WAL536,Jones,TX,32.481,-99.698,3,1.200,1.200,1.200,Natural Gas Internal Combustion Engine,0.000,0.000,0.000,"Walmart Stores Texas, LLC",True,august_generator2026.xlsx,https://www.eia.gov/electricity/data/eia860m/xls/august_generator2026.xlsx,2026-10-07T17:51:42+00:00
64796,WAL537,Ector,TX,31.896,-102.332,3,1.200,1.200,1.200,Natural Gas Internal Combustion Engine,0.000,0.000,0.000,"Walmart Stores Texas, LLC",True,august_generator2026.xlsx,https://www.eia.gov/electricity/data/eia860m/xls/august_generator2026.xlsx,2026-10-07T17:51:42+00:00
64797,WAL546,Fort Bend,TX,29.558,-95.761,3,1.200,1.200,1.200,Natural Gas Internal Combustion Engine,0.000,0.000,0.000,"Walmart Stores Texas, LLC",True,august_generator2026.xlsx,https://www.eia.gov/electricity/data/eia860m/xls/august_generator2026.xlsx,2026-10-07T17:51:42+00:00
64958,WAL5479,Travis,TX,30.453,-97.606,3,1.200,1.200,1.200,Natural Gas Internal Combustion Engine,0.000,0.000,0.000,"Walmart Stores Texas, LLC",True,august_generator2026.xlsx,https://www.eia.gov/electricity/data/eia860m/xls/august_generator2026.xlsx,2026-10-07T17:51:42+00:00
64959,WAL5480,Williamson,TX,30.534,-97.612,3,1.200,1.200,1.200,Natural Gas Internal Combustion Engine,0.000,0.000,0.000,"Walmart Stores Texas, LLC",True,august_generator2026.xlsx,https://www.eia.gov/electricity/data/eia860m/xls/august_generator2026.xlsx,2026-10-07T17:51:42+00:00
64960,WAL5612,Harris,TX,29.716,-95.313,3,1.200,1.200,1.200,Natural Gas Internal Combustion Engine,0.000,0.000,0.000,"Walmart Stores Texas, LLC",True,august_generator2026.xlsx,https://www.eia.gov/electricity/data/eia860m/xls/august_generator2026.xlsx,2026-10-07T17:51:42+00:00
64798,WAL565,Navarro,TX,32.101,-96.404,3,1.200,1.200,1.200,Natural Gas Internal Combustion Engine,0.000,0.000,0.000,"Walmart Stores Texas, LLC",True,august_generator2026.xlsx,https://www.eia.gov/electricity/data/eia860m/xls/august_generator2026.xlsx,2026-10-07T17:51:42+00:00
64961,WAL5713,Webb,TX,27.611,-99.462,3,1.200,1.200,1.200,Natural Gas Internal Combustion Engine,0.000,0.000,0.000,"Walmart Stores Texas, LLC",True,august_generator2026.xlsx,https://www.eia.gov/electricity/data/eia860m/xls/august_generator2026.xlsx,2026-10-07T17:51:42+00:00
64962,WAL5764,Tarrant,TX,32.967,-97.412,3,1.200,1.200,1.200,Natural Gas Internal Combustion Engine,0.000,0.000,0.000,"Walmart Stores Texas, LLC",True,august_generator2026.xlsx,https://www.eia.gov/electricity/data/eia860m/xls/august_generator2026.xlsx,2026-10-07T17:51:42+00:00
64799,WAL602,Montgomery,TX,30.124,-95.458,3,1.200,1.200,1.200,Natural Gas Internal Combustion Engine,0.000,0.000,0.000,"Walmart Stores Texas, LLC",True,august_generator2026.xlsx,https://www.eia.gov/electricity/data/eia860m/xls/august_generator2026.xlsx,2026-10-07T17:51:42+00:00
64963,WAL6929,Bell,TX,31.115,-97.414,3,1.200,1.200,1.200,Natural Gas Internal Combustion Engine,0.000,0.000,0.000,"Walmart Stores Texas, LLC",True,august_generator2026.xlsx,https://www.eia.gov/electricity/data/eia860m/xls/august_generator2026.xlsx,2026-10-07T17:51:42+00:00
64800,WAL744,Harris,TX,29.996,-95.176,3,1.200,1.200,1.200,Natural Gas Internal Combustion Engine,0.000,0.000,0.000,"Walmart Stores Texas, LLC",True,august_generator2026.xlsx,https://www.eia.gov/electricity/data/eia860m/xls/august_generator2026.xlsx,2026-10-07T17:51:42+00:00
64801,WAL752,Harris,TX,29.647,-95.161,3,1.200,1.200,1.200,Natural Gas Internal Combustion Engine,0.000,0.000,0.000,"Walmart Stores Texas, LLC",True,august_generator2026.xlsx,https://www.eia.gov/electricity/data/eia860m/xls/august_generator2026.xlsx,2026-10-07T17:51:42+00:00
64802,WAL768,Harris,TX,29.789,-95.722,3,1.200,1.200,1.200,Natural Gas Internal Combustion Engine,0.000,0.000,0.000,"Walmart Stores Texas, LLC",True,august_generator2026.xlsx,https://www.eia.gov/electricity/data/eia860m/xls/august_generator2026.xlsx,2026-10-07T17:51:42+00:00
64803,WAL772,Harris,TX,29.721,-95.646,3,1.200,1.200,1.200,Natural Gas Internal Combustion Engine,0.000,0.000,0.000,"Walmart Stores Texas, LLC",True,august_generator2026.xlsx,https://www.eia.gov/electricity/data/eia860m/xls/august_generator2026.xlsx,2026-10-07T17:51:42+00:00
64804,WAL791,Jim Wells,TX,27.769,-98.043,3,1.200,1.200,1.200,Natural Gas Internal Combustion Engine,0.000,0.000,0.000,"Walmart Stores Texas, LLC",True,august_generator2026.xlsx,https://www.eia.gov/electricity/data/eia860m/xls/august_generator2026.xlsx,2026-10-07T17:51:42+00:00
64805,WAL849,Harris,TX,30.065,-95.429,3,1.200,1.200,1.200,Natural Gas Internal Combustion Engine,0.000,0.000,0.000,"Walmart Stores Texas, LLC",True,august_generator2026.xlsx,https://www.eia.gov/electricity/data/eia860m/xls/august_generator2026.xlsx,2026-10-07T17:51:42+00:00
64806,WAL872,Brazoria,TX,29.573,-95.284,3,1.200,1.200,1.200,Natural Gas Internal Combustion Engine,0.000,0.000,0.000,"Walmart Stores Texas, LLC",True,august_generator2026.xlsx,https://www.eia.gov/electricity/data/eia860m/xls/august_generator2026.xlsx,2026-10-07T17:51:42+00:00
64807,WAL896,Dallas,TX,32.674,-97.036,3,1.200,1.200,1.200,Natural Gas Internal Combustion Engine,0.000,0.000,0.000,"Walmart Stores Texas, LLC",True,august_generator2026.xlsx,https://www.eia.gov/electricity/data/eia860m/xls/august_generator2026.xlsx,2026-10-07T17:51:42+00:00
64809,WAL940,Tarrant,TX,32.755,-97.434,3,1.200,1.200,1.200,Natural Gas Internal Combustion Engine,0.000,0.000,0.000,"Walmart Stores Texas, LLC",True,august_generator2026.xlsx,https://www.eia.gov/electricity/data/eia860m/xls/august_generator2026.xlsx,2026-10-07T17:51:42+00:00
64810,WAL947,Grayson,TX,33.673,-96.612,3,1.200,1.200,1.200,Natural Gas Internal Combustion Engine,0.000,0.000,0.000,"Walmart Stores Texas, LLC",True,august_generator2026.xlsx,https://www.eia.gov/electricity/data/eia860m/xls/august_generator2026.xlsx,2026-10-07T17:51:42+00:00
64812,WAL972,Tarrant,TX,32.812,-97.425,3,1.200,1.200,1.200,Natural Gas Internal Combustion Engine,0.000,0.000,0.000,"Walmart Stores Texas, LLC",True,august_generator2026.xlsx,https://www.eia.gov/electricity/data/eia860m/xls/august_generator2026.xlsx,2026-10-07T17:51:42+00:00
